timestamp,current_health,health_state,current_degradation_rate,predicted_health,predicted_degradation_rate,predicted_critical_time,failure_probability,risk_level,predicted_rsul_hours,predicted_failure_time,rsul_confidence,dominant_degradation_factor,factor_contribution,recommendation,recommendation_priority,compatibility_mode
2026-09-19T23:21:33.195862,97.94,HEALTHY,0.0,,,,9.94,LOW,No predicted crossing,,77.0,AI latency,0.0,Optimize or reload the AI model; consider reducing inference frequency.,HIGH,detailed
2026-09-19T23:21:33.518657,97.93,HEALTHY,0.0,,,,10.18,LOW,No predicted crossing,,77.0,AI latency,0.0,Optimize or reload the AI model; consider reducing inference frequency.,HIGH,detailed
2026-09-19T23:21:33.826464,97.68,HEALTHY,0.0,,,,10.03,LOW,No predicted crossing,,77.0,CPU load,52.1,Reduce competing workload and reserve CPU time for perception/control tasks.,HIGH,detailed
2026-09-19T23:21:34.136636,97.76,HEALTHY,0.0,,,2026-09-24T22:23:08.182238604,10.14,LOW,119.026,2026-09-24T22:23:08.182238604,77.0,Memory pressure,37.3,Inspect memory allocation and restart the affected service during a safe maintenance window.,HIGH,detailed
2026-09-19T23:21:34.444567,89.85,DEGRADING,0.0643,,,2028-02-10T15:23:29.644565328,12.29,LOW,12208.032,2028-02-10T15:23:29.644565328,92.0,Memory pressure,95.5,Inspect memory allocation and restart the affected service during a safe maintenance window.,HIGH,detailed
2026-09-19T23:21:34.752183,88.54,DEGRADING,0.079,,,2026-09-25T22:44:50.419598729,12.42,LOW,143.388,2026-09-25T22:44:50.419598729,92.0,Memory pressure,93.7,Inspect memory allocation and restart the affected service during a safe maintenance window.,HIGH,detailed
2026-09-19T23:21:35.058829,88.49,DEGRADING,0.0758,,,2026-09-29T07:43:17.958169658,12.41,LOW,224.362,2026-09-29T07:43:17.958169658,92.0,Memory pressure,94.4,Inspect memory allocation and restart the affected service during a safe maintenance window.,HIGH,detailed
2026-09-19T23:21:35.366292,89.59,DEGRADING,0.0675,,,2026-09-29T13:32:17.580287485,12.41,LOW,230.178,2026-09-29T13:32:17.580287485,92.0,Memory pressure,95.4,Inspect memory allocation and restart the affected service during a safe maintenance window.,HIGH,detailed
2026-09-19T23:21:35.669697,89.37,DEGRADING,0.0592,,,2026-09-25T17:38:59.349493696,12.46,LOW,138.29,2026-09-25T17:38:59.349493696,92.0,Memory pressure,94.2,Inspect memory allocation and restart the affected service during a safe maintenance window.,HIGH,detailed
2026-09-19T23:21:35.979312,88.44,DEGRADING,0.0521,,,2026-09-30T21:42:22.565570205,12.41,LOW,262.346,2026-09-30T21:42:22.565570205,92.0,Memory pressure,96.0,Inspect memory allocation and restart the affected service during a safe maintenance window.,HIGH,detailed
2026-09-19T23:21:36.285077,88.43,DEGRADING,0.0459,,,2026-10-06T23:32:13.485077,12.44,LOW,408.177,2026-10-06T23:32:13.485077,92.0,Memory pressure,96.7,Inspect memory allocation and restart the affected service during a safe maintenance window.,HIGH,detailed
2026-09-19T23:21:36.590202,88.53,DEGRADING,0.0405,,,2026-10-01T22:34:12.318836360,12.41,LOW,287.21,2026-10-01T22:34:12.318836360,92.0,Memory pressure,98.3,Inspect memory allocation and restart the affected service during a safe maintenance window.,HIGH,detailed
2026-09-19T23:21:36.896392,91.12,DEGRADING,0.0343,,,2026-10-11T00:24:20.305087653,12.49,LOW,505.045,2026-10-11T00:24:20.305087653,92.0,Memory pressure,91.5,Inspect memory allocation and restart the affected service during a safe maintenance window.,HIGH,detailed
2026-09-19T23:21:37.206248,93.37,DEGRADING,0.0272,,,2027-02-19T06:39:17.466983888,12.42,LOW,3655.295,2027-02-19T06:39:17.466983888,92.0,Memory pressure,97.5,Inspect memory allocation and restart the affected service during a safe maintenance window.,HIGH,detailed
2026-09-19T23:21:37.510684,94.15,DEGRADING,0.0226,,,,12.46,LOW,No predicted crossing,,92.0,Memory pressure,91.6,Inspect memory allocation and restart the affected service during a safe maintenance window.,HIGH,detailed
2026-09-19T23:21:37.815464,93.17,DEGRADING,0.0191,,,,12.36,LOW,No predicted crossing,,92.0,Memory pressure,91.5,Inspect memory allocation and restart the affected service during a safe maintenance window.,HIGH,detailed
2026-09-19T23:21:38.124094,93.29,DEGRADING,0.0163,,,,12.42,LOW,No predicted crossing,,92.0,Memory pressure,90.3,Inspect memory allocation and restart the affected service during a safe maintenance window.,HIGH,detailed
2026-09-19T23:21:38.432010,94.0,DEGRADING,0.014,,,,12.34,LOW,No predicted crossing,,92.0,Memory pressure,100.0,Inspect memory allocation and restart the affected service during a safe maintenance window.,HIGH,detailed
2026-09-19T23:21:38.738668,94.99,DEGRADING,0.0115,,,,12.25,LOW,No predicted crossing,,92.0,Memory pressure,100.0,Inspect memory allocation and restart the affected service during a safe maintenance window.,HIGH,detailed
2026-09-19T23:21:39.044974,94.71,DEGRADING,0.0096,,,,12.23,LOW,No predicted crossing,,92.0,Memory pressure,100.0,Inspect memory allocation and restart the affected service during a safe maintenance window.,HIGH,detailed
2026-09-19T23:21:39.351348,97.33,HEALTHY,0.0,,,,10.27,LOW,No predicted crossing,,77.0,CPU load,74.5,Reduce competing workload and reserve CPU time for perception/control tasks.,HIGH,detailed
2026-09-19T23:21:39.656062,96.88,HEALTHY,0.0,,,,10.2,LOW,No predicted crossing,,77.0,CPU load,73.9,Reduce competing workload and reserve CPU time for perception/control tasks.,HIGH,detailed
2026-09-19T23:21:39.966434,96.77,HEALTHY,0.0,,,,10.1,LOW,No predicted crossing,,77.0,CPU load,82.9,Reduce competing workload and reserve CPU time for perception/control tasks.,HIGH,detailed
2026-09-19T23:21:40.275084,96.69,HEALTHY,0.0,,,,10.16,LOW,No predicted crossing,,77.0,CPU load,86.8,Reduce competing workload and reserve CPU time for perception/control tasks.,HIGH,detailed
2026-09-19T23:21:40.580363,93.42,DEGRADING,0.018,,,2026-10-11T04:25:35.550130447,10.21,LOW,509.065,2026-10-11T04:25:35.550130447,92.0,CPU load,96.6,Reduce competing workload and reserve CPU time for perception/control tasks.,HIGH,detailed
2026-09-19T23:21:40.886272,91.09,DEGRADING,0.0312,,,2026-10-07T07:12:10.012854282,10.35,LOW,415.841,2026-10-07T07:12:10.012854282,92.0,CPU load,88.1,Reduce competing workload and reserve CPU time for perception/control tasks.,HIGH,detailed
2026-09-19T23:21:41.192219,90.68,DEGRADING,0.0329,,,2026-09-23T19:50:03.624549112,10.38,LOW,92.473,2026-09-23T19:50:03.624549112,92.0,CPU load,78.2,Reduce competing workload and reserve CPU time for perception/control tasks.,HIGH,detailed
2026-09-19T23:21:41.496873,91.75,DEGRADING,0.0277,,,2026-09-24T02:55:21.686743903,10.48,LOW,99.561,2026-09-24T02:55:21.686743903,92.0,CPU load,83.2,Reduce competing workload and reserve CPU time for perception/control tasks.,HIGH,detailed
2026-09-19T23:21:41.802125,91.36,DEGRADING,0.0236,,,2026-09-26T19:38:32.168810175,10.47,LOW,164.281,2026-09-26T19:38:32.168810175,92.0,CPU load,74.0,Reduce competing workload and reserve CPU time for perception/control tasks.,HIGH,detailed
2026-09-19T23:21:42.108672,91.41,DEGRADING,0.0203,,,2026-09-30T12:49:24.310641872,10.54,LOW,253.462,2026-09-30T12:49:24.310641872,92.0,CPU load,82.3,Reduce competing workload and reserve CPU time for perception/control tasks.,HIGH,detailed
2026-09-19T23:21:42.419151,91.12,DEGRADING,0.0176,,,2026-09-24T22:08:01.504786358,10.49,LOW,118.772,2026-09-24T22:08:01.504786358,92.0,CPU load,83.3,Reduce competing workload and reserve CPU time for perception/control tasks.,HIGH,detailed
2026-09-19T23:21:42.724423,90.53,DEGRADING,0.0155,,,2026-12-14T10:22:25.898708647,10.49,LOW,2051.012,2026-12-14T10:22:25.898708647,92.0,CPU load,77.4,Reduce competing workload and reserve CPU time for perception/control tasks.,HIGH,detailed
2026-09-19T23:21:43.031877,89.53,DEGRADING,0.013,,,,10.55,LOW,No predicted crossing,,92.0,CPU load,80.6,Reduce competing workload and reserve CPU time for perception/control tasks.,HIGH,detailed
2026-09-19T23:21:43.339247,88.18,DEGRADING,0.012,,,,10.56,LOW,No predicted crossing,,92.0,CPU load,55.1,Reduce competing workload and reserve CPU time for perception/control tasks.,HIGH,detailed
2026-09-19T23:21:43.648893,86.83,DEGRADING,0.0112,,,,10.51,LOW,No predicted crossing,,92.0,CPU load,76.4,Reduce competing workload and reserve CPU time for perception/control tasks.,HIGH,detailed
2026-09-19T23:21:43.959179,84.86,DEGRADING,0.0108,,,,10.46,LOW,No predicted crossing,,92.0,CPU load,59.3,Reduce competing workload and reserve CPU time for perception/control tasks.,HIGH,detailed
2026-09-19T23:21:44.272485,83.53,DEGRADING,0.0105,,,,10.42,LOW,No predicted crossing,,92.0,CPU load,76.4,Reduce competing workload and reserve CPU time for perception/control tasks.,HIGH,detailed
2026-09-19T23:21:44.582519,51.84,DEGRADING,0.0164,,,2026-10-15T20:34:38.619670698,12.39,LOW,621.215,2026-10-15T20:34:38.619670698,92.0,CPU load,99.7,Reduce competing workload and reserve CPU time for perception/control tasks.,HIGH,detailed
2026-09-19T23:21:44.893387,42.31,CRITICAL,0.0215,,,2026-10-27T06:52:20.284156244,12.47,LOW,895.51,2026-10-27T06:52:20.284156244,92.0,CPU load,98.6,Reduce competing workload and reserve CPU time for perception/control tasks.,HIGH,detailed
2026-09-19T23:21:45.207929,35.42,CRITICAL,0.0256,,,2026-12-01T08:33:09.293760084,12.4,LOW,1737.19,2026-12-01T08:33:09.293760084,92.0,CPU load,99.9,Reduce competing workload and reserve CPU time for perception/control tasks.,HIGH,detailed
2026-09-19T23:22:35.927751,97.94,HEALTHY,0.0,,,,9.94,LOW,No predicted crossing,,77.0,AI latency,0.0,Optimize or reload the AI model; consider reducing inference frequency.,HIGH,detailed
2026-09-19T23:22:36.239892,97.93,HEALTHY,0.0,,,,10.18,LOW,No predicted crossing,,77.0,AI latency,0.0,Optimize or reload the AI model; consider reducing inference frequency.,HIGH,detailed
2026-09-19T23:22:36.548468,97.68,HEALTHY,0.0,,,,10.03,LOW,No predicted crossing,,77.0,CPU load,52.1,Reduce competing workload and reserve CPU time for perception/control tasks.,HIGH,detailed
2026-09-19T23:22:36.852763,97.76,HEALTHY,0.0,,,2026-09-24T22:24:10.898365604,10.14,LOW,119.026,2026-09-24T22:24:10.898365604,77.0,Memory pressure,37.3,Inspect memory allocation and restart the affected service during a safe maintenance window.,HIGH,detailed
2026-09-19T23:22:37.156370,89.85,DEGRADING,0.0643,,,2028-02-10T15:24:32.356368328,12.29,LOW,12208.032,2028-02-10T15:24:32.356368328,92.0,Memory pressure,95.5,Inspect memory allocation and restart the affected service during a safe maintenance window.,HIGH,detailed
2026-09-19T23:22:37.463695,88.54,DEGRADING,0.079,,,2026-09-25T22:45:53.131110729,12.42,LOW,143.388,2026-09-25T22:45:53.131110729,92.0,Memory pressure,93.7,Inspect memory allocation and restart the affected service during a safe maintenance window.,HIGH,detailed
2026-09-19T23:22:37.771787,88.49,DEGRADING,0.0758,,,2026-09-29T07:44:20.671127658,12.41,LOW,224.362,2026-09-29T07:44:20.671127658,92.0,Memory pressure,94.4,Inspect memory allocation and restart the affected service during a safe maintenance window.,HIGH,detailed
2026-09-19T23:22:38.077366,89.59,DEGRADING,0.0675,,,2026-09-29T13:33:20.291361485,12.41,LOW,230.178,2026-09-29T13:33:20.291361485,92.0,Memory pressure,95.4,Inspect memory allocation and restart the affected service during a safe maintenance window.,HIGH,detailed
2026-09-19T23:22:38.382711,89.37,DEGRADING,0.0592,,,2026-09-25T17:40:02.062507696,12.46,LOW,138.29,2026-09-25T17:40:02.062507696,92.0,Memory pressure,94.2,Inspect memory allocation and restart the affected service during a safe maintenance window.,HIGH,detailed
2026-09-19T23:22:38.689242,88.44,DEGRADING,0.0521,,,2026-09-30T21:43:25.275500205,12.41,LOW,262.346,2026-09-30T21:43:25.275500205,92.0,Memory pressure,96.0,Inspect memory allocation and restart the affected service during a safe maintenance window.,HIGH,detailed
2026-09-19T23:22:38.996850,88.43,DEGRADING,0.0459,,,2026-10-06T23:33:16.196850,12.44,LOW,408.177,2026-10-06T23:33:16.196850,92.0,Memory pressure,96.7,Inspect memory allocation and restart the affected service during a safe maintenance window.,HIGH,detailed
2026-09-19T23:22:39.302561,88.53,DEGRADING,0.0405,,,2026-10-01T22:35:15.031195360,12.41,LOW,287.21,2026-10-01T22:35:15.031195360,92.0,Memory pressure,98.3,Inspect memory allocation and restart the affected service during a safe maintenance window.,HIGH,detailed
2026-09-19T23:22:39.607355,91.12,DEGRADING,0.0343,,,2026-10-11T00:25:23.016050653,12.49,LOW,505.045,2026-10-11T00:25:23.016050653,92.0,Memory pressure,91.5,Inspect memory allocation and restart the affected service during a safe maintenance window.,HIGH,detailed
2026-09-19T23:22:39.912353,93.37,DEGRADING,0.0272,,,2027-02-19T06:40:20.173088888,12.42,LOW,3655.295,2027-02-19T06:40:20.173088888,92.0,Memory pressure,97.5,Inspect memory allocation and restart the affected service during a safe maintenance window.,HIGH,detailed
2026-09-19T23:22:40.217332,94.15,DEGRADING,0.0226,,,,12.46,LOW,No predicted crossing,,92.0,Memory pressure,91.6,Inspect memory allocation and restart the affected service during a safe maintenance window.,HIGH,detailed
2026-09-19T23:22:40.521581,93.17,DEGRADING,0.0191,,,,12.36,LOW,No predicted crossing,,92.0,Memory pressure,91.5,Inspect memory allocation and restart the affected service during a safe maintenance window.,HIGH,detailed
2026-09-19T23:22:40.826664,93.29,DEGRADING,0.0163,,,,12.42,LOW,No predicted crossing,,92.0,Memory pressure,90.3,Inspect memory allocation and restart the affected service during a safe maintenance window.,HIGH,detailed
2026-09-19T23:22:41.135578,94.0,DEGRADING,0.014,,,,12.34,LOW,No predicted crossing,,92.0,Memory pressure,100.0,Inspect memory allocation and restart the affected service during a safe maintenance window.,HIGH,detailed
2026-09-19T23:22:41.440706,94.99,DEGRADING,0.0115,,,,12.25,LOW,No predicted crossing,,92.0,Memory pressure,100.0,Inspect memory allocation and restart the affected service during a safe maintenance window.,HIGH,detailed
2026-09-19T23:22:41.747303,94.71,DEGRADING,0.0096,,,,12.23,LOW,No predicted crossing,,92.0,Memory pressure,100.0,Inspect memory allocation and restart the affected service during a safe maintenance window.,HIGH,detailed
2026-09-19T23:22:42.055528,97.33,HEALTHY,0.0,,,,10.27,LOW,No predicted crossing,,77.0,CPU load,74.5,Reduce competing workload and reserve CPU time for perception/control tasks.,HIGH,detailed
2026-09-19T23:22:42.363389,96.88,HEALTHY,0.0,,,,10.2,LOW,No predicted crossing,,77.0,CPU load,73.9,Reduce competing workload and reserve CPU time for perception/control tasks.,HIGH,detailed
2026-09-19T23:22:42.666810,96.77,HEALTHY,0.0,,,,10.1,LOW,No predicted crossing,,77.0,CPU load,82.9,Reduce competing workload and reserve CPU time for perception/control tasks.,HIGH,detailed
2026-09-19T23:22:42.973348,96.69,HEALTHY,0.0,,,,10.16,LOW,No predicted crossing,,77.0,CPU load,86.8,Reduce competing workload and reserve CPU time for perception/control tasks.,HIGH,detailed
2026-09-19T23:22:43.280850,93.42,DEGRADING,0.018,,,2026-10-11T04:26:38.250617447,10.21,LOW,509.065,2026-10-11T04:26:38.250617447,92.0,CPU load,96.6,Reduce competing workload and reserve CPU time for perception/control tasks.,HIGH,detailed
2026-09-19T23:22:43.590578,91.09,DEGRADING,0.0312,,,2026-10-07T07:13:12.717160282,10.35,LOW,415.841,2026-10-07T07:13:12.717160282,92.0,CPU load,88.1,Reduce competing workload and reserve CPU time for perception/control tasks.,HIGH,detailed
2026-09-19T23:22:43.894959,90.68,DEGRADING,0.0329,,,2026-09-23T19:51:06.327289112,10.38,LOW,92.473,2026-09-23T19:51:06.327289112,92.0,CPU load,78.2,Reduce competing workload and reserve CPU time for perception/control tasks.,HIGH,detailed
2026-09-19T23:22:44.201024,91.75,DEGRADING,0.0277,,,2026-09-24T02:56:24.390894903,10.48,LOW,99.561,2026-09-24T02:56:24.390894903,92.0,CPU load,83.2,Reduce competing workload and reserve CPU time for perception/control tasks.,HIGH,detailed
2026-09-19T23:22:44.507318,91.36,DEGRADING,0.0236,,,2026-09-26T19:39:34.874003175,10.47,LOW,164.281,2026-09-26T19:39:34.874003175,92.0,CPU load,74.0,Reduce competing workload and reserve CPU time for perception/control tasks.,HIGH,detailed
2026-09-19T23:22:44.813091,91.41,DEGRADING,0.0203,,,2026-09-30T12:50:27.015060872,10.54,LOW,253.462,2026-09-30T12:50:27.015060872,92.0,CPU load,82.3,Reduce competing workload and reserve CPU time for perception/control tasks.,HIGH,detailed
2026-09-19T23:22:45.119390,91.12,DEGRADING,0.0176,,,2026-09-24T22:09:04.205025358,10.49,LOW,118.772,2026-09-24T22:09:04.205025358,92.0,CPU load,83.3,Reduce competing workload and reserve CPU time for perception/control tasks.,HIGH,detailed
2026-09-19T23:22:45.425388,90.53,DEGRADING,0.0155,,,2026-12-14T10:23:28.599673647,10.49,LOW,2051.012,2026-12-14T10:23:28.599673647,92.0,CPU load,77.4,Reduce competing workload and reserve CPU time for perception/control tasks.,HIGH,detailed
2026-09-19T23:22:45.731382,89.53,DEGRADING,0.013,,,,10.55,LOW,No predicted crossing,,92.0,CPU load,80.6,Reduce competing workload and reserve CPU time for perception/control tasks.,HIGH,detailed
2026-09-19T23:22:46.037982,88.18,DEGRADING,0.012,,,,10.56,LOW,No predicted crossing,,92.0,CPU load,55.1,Reduce competing workload and reserve CPU time for perception/control tasks.,HIGH,detailed
2026-09-19T23:22:46.346284,86.83,DEGRADING,0.0112,,,,10.51,LOW,No predicted crossing,,92.0,CPU load,76.4,Reduce competing workload and reserve CPU time for perception/control tasks.,HIGH,detailed
2026-09-19T23:22:46.652205,84.86,DEGRADING,0.0108,,,,10.46,LOW,No predicted crossing,,92.0,CPU load,59.3,Reduce competing workload and reserve CPU time for perception/control tasks.,HIGH,detailed
2026-09-19T23:22:46.958535,83.53,DEGRADING,0.0105,,,,10.42,LOW,No predicted crossing,,92.0,CPU load,76.4,Reduce competing workload and reserve CPU time for perception/control tasks.,HIGH,detailed
2026-09-19T23:22:47.267026,51.84,DEGRADING,0.0164,,,2026-10-15T20:35:41.304177698,12.39,LOW,621.215,2026-10-15T20:35:41.304177698,92.0,CPU load,99.7,Reduce competing workload and reserve CPU time for perception/control tasks.,HIGH,detailed
2026-09-19T23:22:47.574333,42.31,CRITICAL,0.0215,,,2026-10-27T06:53:22.965102244,12.47,LOW,895.51,2026-10-27T06:53:22.965102244,92.0,CPU load,98.6,Reduce competing workload and reserve CPU time for perception/control tasks.,HIGH,detailed
2026-09-19T23:22:47.880899,35.42,CRITICAL,0.0256,,,2026-12-01T08:34:11.966730084,12.4,LOW,1737.19,2026-12-01T08:34:11.966730084,92.0,CPU load,99.9,Reduce competing workload and reserve CPU time for perception/control tasks.,HIGH,detailed
2026-09-19T23:24:05.276656,24.7,FAILURE_RISK,0.0,,,,6.7,LOW,No predicted crossing,,77.0,Queue pressure,100.0,Continue monitoring runtime degradation and schedule maintenance if the predicted RSUL continues to decrease.,MEDIUM,detailed
2026-09-19T23:24:05.294658,25.08,FAILURE_RISK,0.0,,,,6.7,LOW,No predicted crossing,,77.0,Queue pressure,100.0,Continue monitoring runtime degradation and schedule maintenance if the predicted RSUL continues to decrease.,MEDIUM,detailed
2026-09-19T23:24:06.267252,25.01,FAILURE_RISK,0.0,,,,6.7,LOW,No predicted crossing,,77.0,Queue pressure,99.9,Continue monitoring runtime degradation and schedule maintenance if the predicted RSUL continues to decrease.,MEDIUM,detailed
2026-09-19T23:24:06.271360,25.18,FAILURE_RISK,0.0,,,,6.7,LOW,No predicted crossing,,77.0,Queue pressure,99.9,Continue monitoring runtime degradation and schedule maintenance if the predicted RSUL continues to decrease.,MEDIUM,detailed
2026-09-19T23:24:06.275368,24.14,FAILURE_RISK,0.0109,,,,6.73,LOW,No predicted crossing,,92.0,Queue pressure,99.9,Continue monitoring runtime degradation and schedule maintenance if the predicted RSUL continues to decrease.,MEDIUM,detailed
2026-09-19T23:24:06.279363,24.52,FAILURE_RISK,0.0164,,,,6.75,LOW,No predicted crossing,,92.0,Queue pressure,99.9,Continue monitoring runtime degradation and schedule maintenance if the predicted RSUL continues to decrease.,MEDIUM,detailed
2026-09-19T23:24:07.265560,25.01,FAILURE_RISK,0.0029,,,,6.71,LOW,No predicted crossing,,92.0,Queue pressure,100.0,Continue monitoring runtime degradation and schedule maintenance if the predicted RSUL continues to decrease.,MEDIUM,detailed
2026-09-19T23:24:07.269661,25.18,FAILURE_RISK,-0.0008,,,,6.7,LOW,No predicted crossing,,77.0,Queue pressure,100.0,Continue monitoring runtime degradation and schedule maintenance if the predicted RSUL continues to decrease.,MEDIUM,detailed
2026-09-19T23:24:07.275562,24.95,FAILURE_RISK,-0.0021,,,,6.7,LOW,No predicted crossing,,77.0,Queue pressure,100.0,Continue monitoring runtime degradation and schedule maintenance if the predicted RSUL continues to decrease.,MEDIUM,detailed
2026-09-19T23:24:07.278561,25.08,FAILURE_RISK,-0.0031,,,,6.7,LOW,No predicted crossing,,77.0,Queue pressure,100.0,Continue monitoring runtime degradation and schedule maintenance if the predicted RSUL continues to decrease.,MEDIUM,detailed
2026-09-19T23:24:08.272189,24.35,FAILURE_RISK,0.0034,,,,6.71,LOW,No predicted crossing,,92.0,Queue pressure,95.9,Continue monitoring runtime degradation and schedule maintenance if the predicted RSUL continues to decrease.,MEDIUM,detailed
2026-09-19T23:24:08.277190,25.08,FAILURE_RISK,0.0013,,,,6.7,LOW,No predicted crossing,,92.0,Queue pressure,98.8,Continue monitoring runtime degradation and schedule maintenance if the predicted RSUL continues to decrease.,MEDIUM,detailed
2026-09-19T23:24:09.273233,24.66,FAILURE_RISK,0.0041,,,,6.71,LOW,No predicted crossing,,92.0,Queue pressure,90.4,Continue monitoring runtime degradation and schedule maintenance if the predicted RSUL continues to decrease.,MEDIUM,detailed
2026-09-19T23:24:09.282227,25.18,FAILURE_RISK,0.002,,,,6.71,LOW,No predicted crossing,,92.0,Queue pressure,100.0,Continue monitoring runtime degradation and schedule maintenance if the predicted RSUL continues to decrease.,MEDIUM,detailed
2026-09-19T23:24:09.298224,24.7,FAILURE_RISK,0.0011,,,,6.7,LOW,No predicted crossing,,92.0,Queue pressure,98.0,Continue monitoring runtime degradation and schedule maintenance if the predicted RSUL continues to decrease.,MEDIUM,detailed
2026-09-19T23:24:09.304224,25.08,FAILURE_RISK,0.0004,,,,6.7,LOW,No predicted crossing,,92.0,Queue pressure,100.0,Continue monitoring runtime degradation and schedule maintenance if the predicted RSUL continues to decrease.,MEDIUM,detailed
2026-09-19T23:24:10.268865,24.65,FAILURE_RISK,0.002,,,,6.71,LOW,No predicted crossing,,92.0,Queue pressure,94.6,Continue monitoring runtime degradation and schedule maintenance if the predicted RSUL continues to decrease.,MEDIUM,detailed
2026-09-19T23:24:10.275860,25.18,FAILURE_RISK,0.0011,,,,6.7,LOW,No predicted crossing,,92.0,Queue pressure,100.0,Continue monitoring runtime degradation and schedule maintenance if the predicted RSUL continues to decrease.,MEDIUM,detailed
2026-09-19T23:24:10.282861,24.91,FAILURE_RISK,0.0005,,,,6.7,LOW,No predicted crossing,,92.0,Queue pressure,100.0,Continue monitoring runtime degradation and schedule maintenance if the predicted RSUL continues to decrease.,MEDIUM,detailed
2026-09-19T23:24:10.289863,25.08,FAILURE_RISK,0.0001,,,,6.7,LOW,No predicted crossing,,92.0,Queue pressure,100.0,Continue monitoring runtime degradation and schedule maintenance if the predicted RSUL continues to decrease.,MEDIUM,detailed
2026-09-19T23:24:11.274579,25.18,FAILURE_RISK,-0.0004,,,,6.7,LOW,No predicted crossing,,77.0,Queue pressure,100.0,Continue monitoring runtime degradation and schedule maintenance if the predicted RSUL continues to decrease.,MEDIUM,detailed
2026-09-19T23:24:11.278567,24.74,FAILURE_RISK,-0.0006,,,,6.7,LOW,No predicted crossing,,77.0,Queue pressure,99.8,Continue monitoring runtime degradation and schedule maintenance if the predicted RSUL continues to decrease.,MEDIUM,detailed
2026-09-19T23:24:11.284783,25.08,FAILURE_RISK,-0.0008,,,,6.7,LOW,No predicted crossing,,77.0,Queue pressure,96.8,Continue monitoring runtime degradation and schedule maintenance if the predicted RSUL continues to decrease.,MEDIUM,detailed
2026-09-19T23:24:12.266040,25.0,FAILURE_RISK,-0.0009,,,,6.7,LOW,No predicted crossing,,77.0,Queue pressure,100.0,Continue monitoring runtime degradation and schedule maintenance if the predicted RSUL continues to decrease.,MEDIUM,detailed
2026-09-19T23:24:12.270036,25.18,FAILURE_RISK,-0.0011,,,,6.7,LOW,No predicted crossing,,77.0,Queue pressure,100.0,Continue monitoring runtime degradation and schedule maintenance if the predicted RSUL continues to decrease.,MEDIUM,detailed
2026-09-19T23:24:12.276038,24.7,FAILURE_RISK,-0.0011,,,,6.7,LOW,No predicted crossing,,77.0,Queue pressure,98.9,Continue monitoring runtime degradation and schedule maintenance if the predicted RSUL continues to decrease.,MEDIUM,detailed
2026-09-19T23:24:12.280037,25.08,FAILURE_RISK,-0.0012,,,,6.7,LOW,No predicted crossing,,77.0,Queue pressure,94.0,Continue monitoring runtime degradation and schedule maintenance if the predicted RSUL continues to decrease.,MEDIUM,detailed
2026-09-19T23:24:13.264304,25.0,FAILURE_RISK,-0.0012,,,,6.7,LOW,No predicted crossing,,77.0,Queue pressure,99.9,Continue monitoring runtime degradation and schedule maintenance if the predicted RSUL continues to decrease.,MEDIUM,detailed
2026-09-19T23:24:13.279318,25.18,FAILURE_RISK,-0.0013,,,,6.7,LOW,No predicted crossing,,77.0,Queue pressure,100.0,Continue monitoring runtime degradation and schedule maintenance if the predicted RSUL continues to decrease.,MEDIUM,detailed
2026-09-19T23:24:13.287306,24.95,FAILURE_RISK,-0.0013,,,,6.7,LOW,No predicted crossing,,77.0,Queue pressure,93.7,Continue monitoring runtime degradation and schedule maintenance if the predicted RSUL continues to decrease.,MEDIUM,detailed
2026-09-19T23:24:13.295309,25.08,FAILURE_RISK,-0.0013,,,,6.7,LOW,No predicted crossing,,77.0,Queue pressure,100.0,Continue monitoring runtime degradation and schedule maintenance if the predicted RSUL continues to decrease.,MEDIUM,detailed
2026-09-19T23:24:14.276007,24.7,FAILURE_RISK,-0.0012,,,,6.7,LOW,No predicted crossing,,77.0,Queue pressure,95.9,Continue monitoring runtime degradation and schedule maintenance if the predicted RSUL continues to decrease.,MEDIUM,detailed
2026-09-19T23:24:14.281007,25.08,FAILURE_RISK,-0.0012,,,,6.7,LOW,No predicted crossing,,77.0,Queue pressure,98.8,Continue monitoring runtime degradation and schedule maintenance if the predicted RSUL continues to decrease.,MEDIUM,detailed
2026-09-19T23:24:15.268307,25.0,FAILURE_RISK,-0.0012,,,,6.7,LOW,No predicted crossing,,77.0,Queue pressure,90.4,Continue monitoring runtime degradation and schedule maintenance if the predicted RSUL continues to decrease.,MEDIUM,detailed
2026-09-19T23:24:15.273303,25.18,FAILURE_RISK,-0.0012,,,,6.7,LOW,No predicted crossing,,77.0,Queue pressure,100.0,Continue monitoring runtime degradation and schedule maintenance if the predicted RSUL continues to decrease.,MEDIUM,detailed
2026-09-19T23:24:15.277300,24.7,FAILURE_RISK,-0.0011,,,,6.7,LOW,No predicted crossing,,77.0,Queue pressure,98.0,Continue monitoring runtime degradation and schedule maintenance if the predicted RSUL continues to decrease.,MEDIUM,detailed
2026-09-19T23:24:15.283307,25.08,FAILURE_RISK,-0.0011,,,,6.7,LOW,No predicted crossing,,77.0,Queue pressure,100.0,Continue monitoring runtime degradation and schedule maintenance if the predicted RSUL continues to decrease.,MEDIUM,detailed
2026-09-19T23:24:16.265762,25.0,FAILURE_RISK,-0.0011,,,,6.7,LOW,No predicted crossing,,77.0,Queue pressure,94.6,Continue monitoring runtime degradation and schedule maintenance if the predicted RSUL continues to decrease.,MEDIUM,detailed
2026-09-19T23:24:16.270762,25.18,FAILURE_RISK,-0.0011,,,,6.7,LOW,No predicted crossing,,77.0,Queue pressure,100.0,Continue monitoring runtime degradation and schedule maintenance if the predicted RSUL continues to decrease.,MEDIUM,detailed
2026-09-19T23:24:16.273760,24.95,FAILURE_RISK,-0.0011,,,,6.7,LOW,No predicted crossing,,77.0,Queue pressure,100.0,Continue monitoring runtime degradation and schedule maintenance if the predicted RSUL continues to decrease.,MEDIUM,detailed
2026-09-19T23:24:16.278761,25.08,FAILURE_RISK,-0.0011,,,,6.7,LOW,No predicted crossing,,77.0,Queue pressure,100.0,Continue monitoring runtime degradation and schedule maintenance if the predicted RSUL continues to decrease.,MEDIUM,detailed
2026-09-19T23:24:17.274066,25.0,FAILURE_RISK,-0.001,,,,6.7,LOW,No predicted crossing,,77.0,Queue pressure,97.5,Continue monitoring runtime degradation and schedule maintenance if the predicted RSUL continues to decrease.,MEDIUM,detailed
2026-09-19T23:24:17.279067,25.18,FAILURE_RISK,-0.001,,,,6.7,LOW,No predicted crossing,,77.0,Queue pressure,100.0,Continue monitoring runtime degradation and schedule maintenance if the predicted RSUL continues to decrease.,MEDIUM,detailed
2026-09-19T23:24:17.283060,24.7,FAILURE_RISK,-0.001,,,,6.7,LOW,No predicted crossing,,77.0,Queue pressure,93.6,Continue monitoring runtime degradation and schedule maintenance if the predicted RSUL continues to decrease.,MEDIUM,detailed
2026-09-19T23:24:17.289165,25.08,FAILURE_RISK,-0.001,,,,6.7,LOW,No predicted crossing,,77.0,Queue pressure,100.0,Continue monitoring runtime degradation and schedule maintenance if the predicted RSUL continues to decrease.,MEDIUM,detailed
2026-09-19T23:24:18.267147,25.0,FAILURE_RISK,-0.0009,,,,6.7,LOW,No predicted crossing,,77.0,Queue pressure,97.5,Continue monitoring runtime degradation and schedule maintenance if the predicted RSUL continues to decrease.,MEDIUM,detailed
2026-09-19T23:24:18.272904,25.18,FAILURE_RISK,-0.0009,,,,6.7,LOW,No predicted crossing,,77.0,Queue pressure,100.0,Continue monitoring runtime degradation and schedule maintenance if the predicted RSUL continues to decrease.,MEDIUM,detailed
2026-09-19T23:24:18.277066,24.7,FAILURE_RISK,-0.0009,,,,6.7,LOW,No predicted crossing,,77.0,Queue pressure,93.6,Continue monitoring runtime degradation and schedule maintenance if the predicted RSUL continues to decrease.,MEDIUM,detailed
2026-09-19T23:24:18.282212,25.08,FAILURE_RISK,-0.0009,,,,6.7,LOW,No predicted crossing,,77.0,Queue pressure,100.0,Continue monitoring runtime degradation and schedule maintenance if the predicted RSUL continues to decrease.,MEDIUM,detailed
2026-09-19T23:24:19.265675,25.0,FAILURE_RISK,-0.0008,,,,6.7,LOW,No predicted crossing,,77.0,Queue pressure,97.5,Continue monitoring runtime degradation and schedule maintenance if the predicted RSUL continues to decrease.,MEDIUM,detailed
2026-09-19T23:24:19.270673,25.18,FAILURE_RISK,-0.0008,,,,6.7,LOW,No predicted crossing,,77.0,Queue pressure,100.0,Continue monitoring runtime degradation and schedule maintenance if the predicted RSUL continues to decrease.,MEDIUM,detailed
2026-09-19T23:24:19.275675,24.91,FAILURE_RISK,-0.0008,,,,6.7,LOW,No predicted crossing,,77.0,Queue pressure,93.7,Continue monitoring runtime degradation and schedule maintenance if the predicted RSUL continues to decrease.,MEDIUM,detailed
2026-09-19T23:24:19.281674,25.08,FAILURE_RISK,-0.0008,,,,6.7,LOW,No predicted crossing,,77.0,Queue pressure,100.0,Continue monitoring runtime degradation and schedule maintenance if the predicted RSUL continues to decrease.,MEDIUM,detailed
2026-09-19T23:24:20.276339,25.0,FAILURE_RISK,-0.0008,,,,6.7,LOW,No predicted crossing,,77.0,Queue pressure,97.6,Continue monitoring runtime degradation and schedule maintenance if the predicted RSUL continues to decrease.,MEDIUM,detailed
2026-09-19T23:24:20.281343,25.18,FAILURE_RISK,-0.0008,,,,6.7,LOW,No predicted crossing,,77.0,Queue pressure,100.0,Continue monitoring runtime degradation and schedule maintenance if the predicted RSUL continues to decrease.,MEDIUM,detailed
2026-09-19T23:24:20.285379,24.74,FAILURE_RISK,-0.0007,,,,6.7,LOW,No predicted crossing,,77.0,Queue pressure,93.7,Continue monitoring runtime degradation and schedule maintenance if the predicted RSUL continues to decrease.,MEDIUM,detailed
2026-09-19T23:24:20.289338,25.08,FAILURE_RISK,-0.0007,,,,6.7,LOW,No predicted crossing,,77.0,Queue pressure,100.0,Continue monitoring runtime degradation and schedule maintenance if the predicted RSUL continues to decrease.,MEDIUM,detailed
2026-09-19T23:24:21.267030,25.0,FAILURE_RISK,-0.0007,,,,6.7,LOW,No predicted crossing,,77.0,Queue pressure,97.6,Continue monitoring runtime degradation and schedule maintenance if the predicted RSUL continues to decrease.,MEDIUM,detailed
2026-09-19T23:24:21.274555,25.18,FAILURE_RISK,-0.0007,,,,6.7,LOW,No predicted crossing,,77.0,Queue pressure,100.0,Continue monitoring runtime degradation and schedule maintenance if the predicted RSUL continues to decrease.,MEDIUM,detailed
2026-09-19T23:24:21.282555,24.7,FAILURE_RISK,-0.0007,,,,6.7,LOW,No predicted crossing,,77.0,Queue pressure,93.7,Continue monitoring runtime degradation and schedule maintenance if the predicted RSUL continues to decrease.,MEDIUM,detailed
2026-09-19T23:24:21.287762,25.08,FAILURE_RISK,-0.0007,,,,6.7,LOW,No predicted crossing,,77.0,Queue pressure,100.0,Continue monitoring runtime degradation and schedule maintenance if the predicted RSUL continues to decrease.,MEDIUM,detailed
2026-09-19T23:24:22.271368,25.0,FAILURE_RISK,-0.0006,,,,6.7,LOW,No predicted crossing,,77.0,Queue pressure,97.6,Continue monitoring runtime degradation and schedule maintenance if the predicted RSUL continues to decrease.,MEDIUM,detailed
2026-09-19T23:24:22.290930,25.18,FAILURE_RISK,-0.0006,,,,6.7,LOW,No predicted crossing,,77.0,Queue pressure,100.0,Continue monitoring runtime degradation and schedule maintenance if the predicted RSUL continues to decrease.,MEDIUM,detailed
2026-09-19T23:24:22.303993,24.95,FAILURE_RISK,-0.0006,,,,6.7,LOW,No predicted crossing,,77.0,Queue pressure,93.7,Continue monitoring runtime degradation and schedule maintenance if the predicted RSUL continues to decrease.,MEDIUM,detailed
2026-09-19T23:24:22.313286,25.08,FAILURE_RISK,-0.0006,,,,6.7,LOW,No predicted crossing,,77.0,Queue pressure,100.0,Continue monitoring runtime degradation and schedule maintenance if the predicted RSUL continues to decrease.,MEDIUM,detailed
2026-09-19T23:24:23.273664,25.0,FAILURE_RISK,-0.0006,,,,6.7,LOW,No predicted crossing,,77.0,Queue pressure,97.6,Continue monitoring runtime degradation and schedule maintenance if the predicted RSUL continues to decrease.,MEDIUM,detailed
2026-09-19T23:24:23.278678,25.18,FAILURE_RISK,-0.0006,,,,6.7,LOW,No predicted crossing,,77.0,Queue pressure,100.0,Continue monitoring runtime degradation and schedule maintenance if the predicted RSUL continues to decrease.,MEDIUM,detailed
2026-09-19T23:24:23.282639,24.7,FAILURE_RISK,-0.0006,,,,6.7,LOW,No predicted crossing,,77.0,Queue pressure,93.7,Continue monitoring runtime degradation and schedule maintenance if the predicted RSUL continues to decrease.,MEDIUM,detailed
2026-09-19T23:24:23.288167,25.08,FAILURE_RISK,-0.0006,,,,6.7,LOW,No predicted crossing,,77.0,Queue pressure,100.0,Continue monitoring runtime degradation and schedule maintenance if the predicted RSUL continues to decrease.,MEDIUM,detailed
2026-09-19T23:24:24.267180,25.0,FAILURE_RISK,-0.0006,,,,6.7,LOW,No predicted crossing,,77.0,Queue pressure,97.6,Continue monitoring runtime degradation and schedule maintenance if the predicted RSUL continues to decrease.,MEDIUM,detailed
2026-09-19T23:24:24.271209,25.18,FAILURE_RISK,-0.0005,,,,6.7,LOW,No predicted crossing,,77.0,Queue pressure,100.0,Continue monitoring runtime degradation and schedule maintenance if the predicted RSUL continues to decrease.,MEDIUM,detailed
2026-09-19T23:24:24.277270,24.7,FAILURE_RISK,-0.0005,,,,6.7,LOW,No predicted crossing,,77.0,Queue pressure,93.7,Continue monitoring runtime degradation and schedule maintenance if the predicted RSUL continues to decrease.,MEDIUM,detailed
2026-09-19T23:24:24.281203,25.08,FAILURE_RISK,-0.0005,,,,6.7,LOW,No predicted crossing,,77.0,Queue pressure,100.0,Continue monitoring runtime degradation and schedule maintenance if the predicted RSUL continues to decrease.,MEDIUM,detailed
2026-09-19T23:24:25.270222,25.0,FAILURE_RISK,-0.0005,,,,6.7,LOW,No predicted crossing,,77.0,Queue pressure,97.6,Continue monitoring runtime degradation and schedule maintenance if the predicted RSUL continues to decrease.,MEDIUM,detailed
2026-09-19T23:24:25.276872,25.18,FAILURE_RISK,-0.0005,,,,6.7,LOW,No predicted crossing,,77.0,Queue pressure,100.0,Continue monitoring runtime degradation and schedule maintenance if the predicted RSUL continues to decrease.,MEDIUM,detailed
2026-09-19T23:24:25.280875,24.95,FAILURE_RISK,-0.0005,,,,6.7,LOW,No predicted crossing,,77.0,Queue pressure,93.7,Continue monitoring runtime degradation and schedule maintenance if the predicted RSUL continues to decrease.,MEDIUM,detailed
2026-09-19T23:24:25.284868,25.08,FAILURE_RISK,-0.0005,,,,6.7,LOW,No predicted crossing,,77.0,Queue pressure,100.0,Continue monitoring runtime degradation and schedule maintenance if the predicted RSUL continues to decrease.,MEDIUM,detailed
2026-09-19T23:24:26.274887,25.0,FAILURE_RISK,-0.0005,,,,6.7,LOW,No predicted crossing,,77.0,Queue pressure,97.5,Continue monitoring runtime degradation and schedule maintenance if the predicted RSUL continues to decrease.,MEDIUM,detailed
2026-09-19T23:24:26.286471,25.18,FAILURE_RISK,-0.0005,,,,6.7,LOW,No predicted crossing,,77.0,Queue pressure,100.0,Continue monitoring runtime degradation and schedule maintenance if the predicted RSUL continues to decrease.,MEDIUM,detailed
2026-09-19T23:24:26.295391,24.7,FAILURE_RISK,-0.0004,,,,6.7,LOW,No predicted crossing,,77.0,Queue pressure,93.6,Continue monitoring runtime degradation and schedule maintenance if the predicted RSUL continues to decrease.,MEDIUM,detailed
2026-09-19T23:24:26.302392,25.08,FAILURE_RISK,-0.0004,,,,6.7,LOW,No predicted crossing,,77.0,Queue pressure,100.0,Continue monitoring runtime degradation and schedule maintenance if the predicted RSUL continues to decrease.,MEDIUM,detailed
2026-09-19T23:24:27.268308,25.0,FAILURE_RISK,-0.0004,,,,6.7,LOW,No predicted crossing,,77.0,Queue pressure,97.5,Continue monitoring runtime degradation and schedule maintenance if the predicted RSUL continues to decrease.,MEDIUM,detailed
2026-09-19T23:24:27.274312,25.18,FAILURE_RISK,-0.0004,,,,6.7,LOW,No predicted crossing,,77.0,Queue pressure,100.0,Continue monitoring runtime degradation and schedule maintenance if the predicted RSUL continues to decrease.,MEDIUM,detailed
2026-09-19T23:24:27.278318,24.7,FAILURE_RISK,-0.0004,,,,6.7,LOW,No predicted crossing,,77.0,Queue pressure,93.6,Continue monitoring runtime degradation and schedule maintenance if the predicted RSUL continues to decrease.,MEDIUM,detailed
2026-09-19T23:24:27.284320,25.08,FAILURE_RISK,-0.0004,,,,6.7,LOW,No predicted crossing,,77.0,Queue pressure,100.0,Continue monitoring runtime degradation and schedule maintenance if the predicted RSUL continues to decrease.,MEDIUM,detailed
2026-09-19T23:24:28.268236,25.0,FAILURE_RISK,-0.0004,,,,6.7,LOW,No predicted crossing,,77.0,Queue pressure,97.5,Continue monitoring runtime degradation and schedule maintenance if the predicted RSUL continues to decrease.,MEDIUM,detailed
2026-09-19T23:24:28.274244,25.18,FAILURE_RISK,-0.0004,,,,6.7,LOW,No predicted crossing,,77.0,Queue pressure,100.0,Continue monitoring runtime degradation and schedule maintenance if the predicted RSUL continues to decrease.,MEDIUM,detailed
2026-09-19T23:24:28.280252,24.91,FAILURE_RISK,-0.0004,,,,6.7,LOW,No predicted crossing,,77.0,Queue pressure,93.7,Continue monitoring runtime degradation and schedule maintenance if the predicted RSUL continues to decrease.,MEDIUM,detailed
2026-09-19T23:24:28.285248,25.08,FAILURE_RISK,-0.0004,,,,6.7,LOW,No predicted crossing,,77.0,Queue pressure,100.0,Continue monitoring runtime degradation and schedule maintenance if the predicted RSUL continues to decrease.,MEDIUM,detailed
2026-09-19T23:24:29.274571,25.0,FAILURE_RISK,-0.0004,,,,6.7,LOW,No predicted crossing,,77.0,Queue pressure,97.6,Continue monitoring runtime degradation and schedule maintenance if the predicted RSUL continues to decrease.,MEDIUM,detailed
2026-09-19T23:24:29.278573,25.18,FAILURE_RISK,-0.0004,,,,6.7,LOW,No predicted crossing,,77.0,Queue pressure,100.0,Continue monitoring runtime degradation and schedule maintenance if the predicted RSUL continues to decrease.,MEDIUM,detailed
2026-09-19T23:24:29.282578,24.74,FAILURE_RISK,-0.0004,,,,6.7,LOW,No predicted crossing,,77.0,Queue pressure,93.7,Continue monitoring runtime degradation and schedule maintenance if the predicted RSUL continues to decrease.,MEDIUM,detailed
2026-09-19T23:24:29.286578,25.08,FAILURE_RISK,-0.0004,,,,6.7,LOW,No predicted crossing,,77.0,Queue pressure,100.0,Continue monitoring runtime degradation and schedule maintenance if the predicted RSUL continues to decrease.,MEDIUM,detailed
2026-09-19T23:24:30.265911,25.0,FAILURE_RISK,-0.0003,,,,6.7,LOW,No predicted crossing,,77.0,Queue pressure,97.6,Continue monitoring runtime degradation and schedule maintenance if the predicted RSUL continues to decrease.,MEDIUM,detailed
2026-09-19T23:24:30.270911,25.18,FAILURE_RISK,-0.0003,,,,6.7,LOW,No predicted crossing,,77.0,Queue pressure,100.0,Continue monitoring runtime degradation and schedule maintenance if the predicted RSUL continues to decrease.,MEDIUM,detailed
2026-09-19T23:24:30.274911,24.7,FAILURE_RISK,-0.0003,,,,6.7,LOW,No predicted crossing,,77.0,Queue pressure,93.7,Continue monitoring runtime degradation and schedule maintenance if the predicted RSUL continues to decrease.,MEDIUM,detailed
2026-09-19T23:24:30.279912,25.08,FAILURE_RISK,-0.0003,,,,6.7,LOW,No predicted crossing,,77.0,Queue pressure,100.0,Continue monitoring runtime degradation and schedule maintenance if the predicted RSUL continues to decrease.,MEDIUM,detailed
2026-09-19T23:24:31.265239,25.0,FAILURE_RISK,-0.0003,,,,6.7,LOW,No predicted crossing,,77.0,Queue pressure,97.6,Continue monitoring runtime degradation and schedule maintenance if the predicted RSUL continues to decrease.,MEDIUM,detailed
2026-09-19T23:24:31.270233,25.18,FAILURE_RISK,-0.0003,,,,6.7,LOW,No predicted crossing,,77.0,Queue pressure,100.0,Continue monitoring runtime degradation and schedule maintenance if the predicted RSUL continues to decrease.,MEDIUM,detailed
2026-09-19T23:24:31.275245,24.95,FAILURE_RISK,-0.0003,,,,6.7,LOW,No predicted crossing,,77.0,Queue pressure,93.7,Continue monitoring runtime degradation and schedule maintenance if the predicted RSUL continues to decrease.,MEDIUM,detailed
2026-09-19T23:24:31.279262,25.08,FAILURE_RISK,-0.0003,,,,6.7,LOW,No predicted crossing,,77.0,Queue pressure,100.0,Continue monitoring runtime degradation and schedule maintenance if the predicted RSUL continues to decrease.,MEDIUM,detailed
2026-09-19T23:24:32.275118,24.7,FAILURE_RISK,-0.0003,,,,6.7,LOW,No predicted crossing,,77.0,Queue pressure,95.9,Continue monitoring runtime degradation and schedule maintenance if the predicted RSUL continues to decrease.,MEDIUM,detailed
2026-09-19T23:24:32.280120,25.08,FAILURE_RISK,-0.0003,,,,6.7,LOW,No predicted crossing,,77.0,Queue pressure,98.8,Continue monitoring runtime degradation and schedule maintenance if the predicted RSUL continues to decrease.,MEDIUM,detailed
2026-09-19T23:24:33.265850,25.0,FAILURE_RISK,-0.0003,,,,6.7,LOW,No predicted crossing,,77.0,Queue pressure,90.4,Continue monitoring runtime degradation and schedule maintenance if the predicted RSUL continues to decrease.,MEDIUM,detailed
2026-09-19T23:24:33.270852,25.18,FAILURE_RISK,-0.0003,,,,6.7,LOW,No predicted crossing,,77.0,Queue pressure,100.0,Continue monitoring runtime degradation and schedule maintenance if the predicted RSUL continues to decrease.,MEDIUM,detailed
2026-09-19T23:24:33.275850,24.7,FAILURE_RISK,-0.0003,,,,6.7,LOW,No predicted crossing,,77.0,Queue pressure,98.0,Continue monitoring runtime degradation and schedule maintenance if the predicted RSUL continues to decrease.,MEDIUM,detailed
2026-09-19T23:24:33.280851,25.08,FAILURE_RISK,-0.0003,,,,6.7,LOW,No predicted crossing,,77.0,Queue pressure,100.0,Continue monitoring runtime degradation and schedule maintenance if the predicted RSUL continues to decrease.,MEDIUM,detailed
2026-09-19T23:24:34.264994,25.0,FAILURE_RISK,-0.0003,,,,6.7,LOW,No predicted crossing,,77.0,Queue pressure,94.6,Continue monitoring runtime degradation and schedule maintenance if the predicted RSUL continues to decrease.,MEDIUM,detailed
2026-09-19T23:24:34.270998,25.18,FAILURE_RISK,-0.0003,,,,6.7,LOW,No predicted crossing,,77.0,Queue pressure,100.0,Continue monitoring runtime degradation and schedule maintenance if the predicted RSUL continues to decrease.,MEDIUM,detailed
2026-09-19T23:24:34.279105,24.95,FAILURE_RISK,-0.0003,,,,6.7,LOW,No predicted crossing,,77.0,Queue pressure,100.0,Continue monitoring runtime degradation and schedule maintenance if the predicted RSUL continues to decrease.,MEDIUM,detailed
2026-09-19T23:24:34.290998,25.08,FAILURE_RISK,-0.0003,,,,6.7,LOW,No predicted crossing,,77.0,Queue pressure,100.0,Continue monitoring runtime degradation and schedule maintenance if the predicted RSUL continues to decrease.,MEDIUM,detailed
2026-09-19T23:24:35.271243,25.0,FAILURE_RISK,-0.0003,,,,6.7,LOW,No predicted crossing,,77.0,Queue pressure,97.6,Continue monitoring runtime degradation and schedule maintenance if the predicted RSUL continues to decrease.,MEDIUM,detailed
2026-09-19T23:24:35.277253,25.18,FAILURE_RISK,-0.0003,,,,6.7,LOW,No predicted crossing,,77.0,Queue pressure,100.0,Continue monitoring runtime degradation and schedule maintenance if the predicted RSUL continues to decrease.,MEDIUM,detailed
2026-09-19T23:24:35.282240,24.7,FAILURE_RISK,-0.0003,,,,6.7,LOW,No predicted crossing,,77.0,Queue pressure,93.7,Continue monitoring runtime degradation and schedule maintenance if the predicted RSUL continues to decrease.,MEDIUM,detailed
2026-09-19T23:24:35.288542,25.08,FAILURE_RISK,-0.0003,,,,6.7,LOW,No predicted crossing,,77.0,Queue pressure,100.0,Continue monitoring runtime degradation and schedule maintenance if the predicted RSUL continues to decrease.,MEDIUM,detailed
2026-09-19T23:24:36.270070,25.0,FAILURE_RISK,-0.0002,,,,6.7,LOW,No predicted crossing,,77.0,Queue pressure,97.6,Continue monitoring runtime degradation and schedule maintenance if the predicted RSUL continues to decrease.,MEDIUM,detailed
2026-09-19T23:24:36.277339,25.18,FAILURE_RISK,-0.0002,,,,6.7,LOW,No predicted crossing,,77.0,Queue pressure,100.0,Continue monitoring runtime degradation and schedule maintenance if the predicted RSUL continues to decrease.,MEDIUM,detailed
2026-09-19T23:24:36.281347,24.7,FAILURE_RISK,-0.0002,,,,6.7,LOW,No predicted crossing,,77.0,Queue pressure,93.7,Continue monitoring runtime degradation and schedule maintenance if the predicted RSUL continues to decrease.,MEDIUM,detailed
2026-09-19T23:24:36.286346,25.08,FAILURE_RISK,-0.0002,,,,6.7,LOW,No predicted crossing,,77.0,Queue pressure,100.0,Continue monitoring runtime degradation and schedule maintenance if the predicted RSUL continues to decrease.,MEDIUM,detailed
2026-09-19T23:24:37.264968,25.0,FAILURE_RISK,-0.0002,,,,6.7,LOW,No predicted crossing,,77.0,Queue pressure,97.6,Continue monitoring runtime degradation and schedule maintenance if the predicted RSUL continues to decrease.,MEDIUM,detailed
2026-09-19T23:24:37.269968,25.18,FAILURE_RISK,-0.0002,,,,6.7,LOW,No predicted crossing,,77.0,Queue pressure,100.0,Continue monitoring runtime degradation and schedule maintenance if the predicted RSUL continues to decrease.,MEDIUM,detailed
2026-09-19T23:24:37.274986,24.91,FAILURE_RISK,-0.0002,,,,6.7,LOW,No predicted crossing,,77.0,Queue pressure,93.7,Continue monitoring runtime degradation and schedule maintenance if the predicted RSUL continues to decrease.,MEDIUM,detailed
2026-09-19T23:24:37.278966,25.08,FAILURE_RISK,-0.0002,,,,6.7,LOW,No predicted crossing,,77.0,Queue pressure,100.0,Continue monitoring runtime degradation and schedule maintenance if the predicted RSUL continues to decrease.,MEDIUM,detailed
2026-09-19T23:24:38.273839,25.0,FAILURE_RISK,-0.0002,,,,6.7,LOW,No predicted crossing,,77.0,Queue pressure,97.6,Continue monitoring runtime degradation and schedule maintenance if the predicted RSUL continues to decrease.,MEDIUM,detailed
2026-09-19T23:24:38.279824,25.18,FAILURE_RISK,-0.0002,,,,6.7,LOW,No predicted crossing,,77.0,Queue pressure,100.0,Continue monitoring runtime degradation and schedule maintenance if the predicted RSUL continues to decrease.,MEDIUM,detailed
2026-09-19T23:24:38.288822,24.74,FAILURE_RISK,-0.0002,,,,6.7,LOW,No predicted crossing,,77.0,Queue pressure,93.7,Continue monitoring runtime degradation and schedule maintenance if the predicted RSUL continues to decrease.,MEDIUM,detailed
2026-09-19T23:24:38.294963,25.08,FAILURE_RISK,-0.0002,,,,6.7,LOW,No predicted crossing,,77.0,Queue pressure,100.0,Continue monitoring runtime degradation and schedule maintenance if the predicted RSUL continues to decrease.,MEDIUM,detailed
2026-09-19T23:24:39.266698,25.0,FAILURE_RISK,-0.0002,,,,6.7,LOW,No predicted crossing,,77.0,Queue pressure,97.6,Continue monitoring runtime degradation and schedule maintenance if the predicted RSUL continues to decrease.,MEDIUM,detailed
2026-09-19T23:24:39.272706,25.18,FAILURE_RISK,-0.0002,,,,6.7,LOW,No predicted crossing,,77.0,Queue pressure,100.0,Continue monitoring runtime degradation and schedule maintenance if the predicted RSUL continues to decrease.,MEDIUM,detailed
2026-09-19T23:24:39.276847,24.7,FAILURE_RISK,-0.0002,,,,6.7,LOW,No predicted crossing,,77.0,Queue pressure,93.7,Continue monitoring runtime degradation and schedule maintenance if the predicted RSUL continues to decrease.,MEDIUM,detailed
2026-09-19T23:24:39.281908,25.08,FAILURE_RISK,-0.0002,,,,6.7,LOW,No predicted crossing,,77.0,Queue pressure,100.0,Continue monitoring runtime degradation and schedule maintenance if the predicted RSUL continues to decrease.,MEDIUM,detailed
2026-09-19T23:24:40.267144,25.0,FAILURE_RISK,-0.0002,,,,6.7,LOW,No predicted crossing,,77.0,Queue pressure,97.6,Continue monitoring runtime degradation and schedule maintenance if the predicted RSUL continues to decrease.,MEDIUM,detailed
2026-09-19T23:24:40.271088,25.18,FAILURE_RISK,-0.0002,,,,6.7,LOW,No predicted crossing,,77.0,Queue pressure,100.0,Continue monitoring runtime degradation and schedule maintenance if the predicted RSUL continues to decrease.,MEDIUM,detailed
2026-09-19T23:24:40.276088,24.95,FAILURE_RISK,-0.0002,,,,6.7,LOW,No predicted crossing,,77.0,Queue pressure,93.7,Continue monitoring runtime degradation and schedule maintenance if the predicted RSUL continues to decrease.,MEDIUM,detailed
2026-09-19T23:24:40.281088,25.08,FAILURE_RISK,-0.0002,,,,6.7,LOW,No predicted crossing,,77.0,Queue pressure,100.0,Continue monitoring runtime degradation and schedule maintenance if the predicted RSUL continues to decrease.,MEDIUM,detailed
2026-09-19T23:24:41.273034,24.7,FAILURE_RISK,-0.0002,,,,6.7,LOW,No predicted crossing,,77.0,Queue pressure,95.9,Continue monitoring runtime degradation and schedule maintenance if the predicted RSUL continues to decrease.,MEDIUM,detailed
2026-09-19T23:24:41.282036,25.08,FAILURE_RISK,-0.0002,,,,6.7,LOW,No predicted crossing,,77.0,Queue pressure,98.8,Continue monitoring runtime degradation and schedule maintenance if the predicted RSUL continues to decrease.,MEDIUM,detailed
2026-09-19T23:24:42.268170,25.0,FAILURE_RISK,-0.0002,,,,6.7,LOW,No predicted crossing,,77.0,Queue pressure,90.3,Continue monitoring runtime degradation and schedule maintenance if the predicted RSUL continues to decrease.,MEDIUM,detailed
2026-09-19T23:24:42.273637,25.18,FAILURE_RISK,-0.0002,,,,6.7,LOW,No predicted crossing,,77.0,Queue pressure,100.0,Continue monitoring runtime degradation and schedule maintenance if the predicted RSUL continues to decrease.,MEDIUM,detailed
2026-09-19T23:24:42.281533,24.7,FAILURE_RISK,-0.0002,,,,6.7,LOW,No predicted crossing,,77.0,Queue pressure,98.0,Continue monitoring runtime degradation and schedule maintenance if the predicted RSUL continues to decrease.,MEDIUM,detailed
2026-09-19T23:24:42.287668,25.08,FAILURE_RISK,-0.0002,,,,6.7,LOW,No predicted crossing,,77.0,Queue pressure,100.0,Continue monitoring runtime degradation and schedule maintenance if the predicted RSUL continues to decrease.,MEDIUM,detailed
2026-09-19T23:24:43.264342,25.0,FAILURE_RISK,-0.0002,,,,6.7,LOW,No predicted crossing,,77.0,Queue pressure,94.6,Continue monitoring runtime degradation and schedule maintenance if the predicted RSUL continues to decrease.,MEDIUM,detailed
2026-09-19T23:24:43.269344,25.18,FAILURE_RISK,-0.0002,,,,6.7,LOW,No predicted crossing,,77.0,Queue pressure,100.0,Continue monitoring runtime degradation and schedule maintenance if the predicted RSUL continues to decrease.,MEDIUM,detailed
2026-09-19T23:24:43.275342,24.95,FAILURE_RISK,-0.0002,,,,6.7,LOW,No predicted crossing,,77.0,Queue pressure,100.0,Continue monitoring runtime degradation and schedule maintenance if the predicted RSUL continues to decrease.,MEDIUM,detailed
2026-09-19T23:24:43.279344,25.08,FAILURE_RISK,-0.0002,,,,6.7,LOW,No predicted crossing,,77.0,Queue pressure,100.0,Continue monitoring runtime degradation and schedule maintenance if the predicted RSUL continues to decrease.,MEDIUM,detailed
2026-09-19T23:24:44.276073,25.0,FAILURE_RISK,-0.0002,,,,6.7,LOW,No predicted crossing,,77.0,Queue pressure,97.6,Continue monitoring runtime degradation and schedule maintenance if the predicted RSUL continues to decrease.,MEDIUM,detailed
2026-09-19T23:24:44.283071,25.18,FAILURE_RISK,-0.0002,,,,6.7,LOW,No predicted crossing,,77.0,Queue pressure,100.0,Continue monitoring runtime degradation and schedule maintenance if the predicted RSUL continues to decrease.,MEDIUM,detailed
2026-09-19T23:24:44.287072,24.7,FAILURE_RISK,-0.0001,,,,6.7,LOW,No predicted crossing,,77.0,Queue pressure,93.7,Continue monitoring runtime degradation and schedule maintenance if the predicted RSUL continues to decrease.,MEDIUM,detailed
2026-09-19T23:24:44.293072,25.08,FAILURE_RISK,-0.0001,,,,6.7,LOW,No predicted crossing,,77.0,Queue pressure,100.0,Continue monitoring runtime degradation and schedule maintenance if the predicted RSUL continues to decrease.,MEDIUM,detailed
2026-09-19T23:24:45.266421,25.0,FAILURE_RISK,-0.0001,,,,6.7,LOW,No predicted crossing,,77.0,Queue pressure,97.5,Continue monitoring runtime degradation and schedule maintenance if the predicted RSUL continues to decrease.,MEDIUM,detailed
2026-09-19T23:24:45.270582,25.18,FAILURE_RISK,-0.0001,,,,6.7,LOW,No predicted crossing,,77.0,Queue pressure,100.0,Continue monitoring runtime degradation and schedule maintenance if the predicted RSUL continues to decrease.,MEDIUM,detailed
2026-09-19T23:24:45.276643,24.7,FAILURE_RISK,-0.0001,,,,6.7,LOW,No predicted crossing,,77.0,Queue pressure,93.6,Continue monitoring runtime degradation and schedule maintenance if the predicted RSUL continues to decrease.,MEDIUM,detailed
2026-09-19T23:24:45.281675,25.08,FAILURE_RISK,-0.0001,,,,6.7,LOW,No predicted crossing,,77.0,Queue pressure,100.0,Continue monitoring runtime degradation and schedule maintenance if the predicted RSUL continues to decrease.,MEDIUM,detailed
2026-09-19T23:24:46.266590,25.0,FAILURE_RISK,-0.0001,,,,6.7,LOW,No predicted crossing,,77.0,Queue pressure,97.5,Continue monitoring runtime degradation and schedule maintenance if the predicted RSUL continues to decrease.,MEDIUM,detailed
2026-09-19T23:24:46.272603,25.18,FAILURE_RISK,-0.0001,,,,6.7,LOW,No predicted crossing,,77.0,Queue pressure,100.0,Continue monitoring runtime degradation and schedule maintenance if the predicted RSUL continues to decrease.,MEDIUM,detailed
2026-09-19T23:24:46.278588,24.91,FAILURE_RISK,-0.0001,,,,6.7,LOW,No predicted crossing,,77.0,Queue pressure,93.7,Continue monitoring runtime degradation and schedule maintenance if the predicted RSUL continues to decrease.,MEDIUM,detailed
2026-09-19T23:24:46.283591,25.08,FAILURE_RISK,-0.0001,,,,6.7,LOW,No predicted crossing,,77.0,Queue pressure,100.0,Continue monitoring runtime degradation and schedule maintenance if the predicted RSUL continues to decrease.,MEDIUM,detailed
2026-09-19T23:24:47.283009,25.0,FAILURE_RISK,-0.0001,,,,6.7,LOW,No predicted crossing,,77.0,Queue pressure,97.6,Continue monitoring runtime degradation and schedule maintenance if the predicted RSUL continues to decrease.,MEDIUM,detailed
2026-09-19T23:24:47.293395,25.18,FAILURE_RISK,-0.0001,,,,6.7,LOW,No predicted crossing,,77.0,Queue pressure,100.0,Continue monitoring runtime degradation and schedule maintenance if the predicted RSUL continues to decrease.,MEDIUM,detailed
2026-09-19T23:24:47.298670,24.74,FAILURE_RISK,-0.0001,,,,6.7,LOW,No predicted crossing,,77.0,Queue pressure,93.7,Continue monitoring runtime degradation and schedule maintenance if the predicted RSUL continues to decrease.,MEDIUM,detailed
2026-09-19T23:24:47.304138,25.08,FAILURE_RISK,-0.0001,,,,6.7,LOW,No predicted crossing,,77.0,Queue pressure,100.0,Continue monitoring runtime degradation and schedule maintenance if the predicted RSUL continues to decrease.,MEDIUM,detailed
2026-09-19T23:24:48.271489,25.0,FAILURE_RISK,-0.0001,,,,6.7,LOW,No predicted crossing,,77.0,Queue pressure,97.6,Continue monitoring runtime degradation and schedule maintenance if the predicted RSUL continues to decrease.,MEDIUM,detailed
2026-09-19T23:24:48.276487,25.18,FAILURE_RISK,-0.0001,,,,6.7,LOW,No predicted crossing,,77.0,Queue pressure,100.0,Continue monitoring runtime degradation and schedule maintenance if the predicted RSUL continues to decrease.,MEDIUM,detailed
2026-09-19T23:24:48.280990,24.7,FAILURE_RISK,-0.0001,,,,6.7,LOW,No predicted crossing,,77.0,Queue pressure,93.7,Continue monitoring runtime degradation and schedule maintenance if the predicted RSUL continues to decrease.,MEDIUM,detailed
2026-09-19T23:24:48.284996,25.08,FAILURE_RISK,-0.0001,,,,6.7,LOW,No predicted crossing,,77.0,Queue pressure,100.0,Continue monitoring runtime degradation and schedule maintenance if the predicted RSUL continues to decrease.,MEDIUM,detailed
2026-09-19T23:24:49.270853,25.0,FAILURE_RISK,-0.0001,,,,6.7,LOW,No predicted crossing,,77.0,Queue pressure,97.6,Continue monitoring runtime degradation and schedule maintenance if the predicted RSUL continues to decrease.,MEDIUM,detailed
2026-09-19T23:24:49.278840,25.18,FAILURE_RISK,-0.0001,,,,6.7,LOW,No predicted crossing,,77.0,Queue pressure,100.0,Continue monitoring runtime degradation and schedule maintenance if the predicted RSUL continues to decrease.,MEDIUM,detailed
2026-09-19T23:24:49.283446,24.95,FAILURE_RISK,-0.0001,,,,6.7,LOW,No predicted crossing,,77.0,Queue pressure,93.7,Continue monitoring runtime degradation and schedule maintenance if the predicted RSUL continues to decrease.,MEDIUM,detailed
2026-09-19T23:24:49.287452,25.08,FAILURE_RISK,-0.0001,,,,6.7,LOW,No predicted crossing,,77.0,Queue pressure,100.0,Continue monitoring runtime degradation and schedule maintenance if the predicted RSUL continues to decrease.,MEDIUM,detailed
2026-09-19T23:24:50.277171,24.7,FAILURE_RISK,-0.0001,,,,6.7,LOW,No predicted crossing,,77.0,Queue pressure,95.9,Continue monitoring runtime degradation and schedule maintenance if the predicted RSUL continues to decrease.,MEDIUM,detailed
2026-09-19T23:24:50.286036,25.08,FAILURE_RISK,-0.0001,,,,6.7,LOW,No predicted crossing,,77.0,Queue pressure,98.8,Continue monitoring runtime degradation and schedule maintenance if the predicted RSUL continues to decrease.,MEDIUM,detailed
2026-09-19T23:24:51.269064,25.0,FAILURE_RISK,-0.0001,,,,6.7,LOW,No predicted crossing,,77.0,Queue pressure,90.4,Continue monitoring runtime degradation and schedule maintenance if the predicted RSUL continues to decrease.,MEDIUM,detailed
2026-09-19T23:24:51.274064,25.18,FAILURE_RISK,-0.0001,,,,6.7,LOW,No predicted crossing,,77.0,Queue pressure,100.0,Continue monitoring runtime degradation and schedule maintenance if the predicted RSUL continues to decrease.,MEDIUM,detailed
2026-09-19T23:24:51.281069,24.7,FAILURE_RISK,-0.0001,,,,6.7,LOW,No predicted crossing,,77.0,Queue pressure,98.0,Continue monitoring runtime degradation and schedule maintenance if the predicted RSUL continues to decrease.,MEDIUM,detailed
2026-09-19T23:24:51.289071,25.08,FAILURE_RISK,-0.0001,,,,6.7,LOW,No predicted crossing,,77.0,Queue pressure,100.0,Continue monitoring runtime degradation and schedule maintenance if the predicted RSUL continues to decrease.,MEDIUM,detailed
2026-09-19T23:24:52.267964,25.0,FAILURE_RISK,-0.0001,,,,6.7,LOW,No predicted crossing,,77.0,Queue pressure,94.6,Continue monitoring runtime degradation and schedule maintenance if the predicted RSUL continues to decrease.,MEDIUM,detailed
2026-09-19T23:24:52.273965,25.18,FAILURE_RISK,-0.0001,,,,6.7,LOW,No predicted crossing,,77.0,Queue pressure,100.0,Continue monitoring runtime degradation and schedule maintenance if the predicted RSUL continues to decrease.,MEDIUM,detailed
2026-09-19T23:24:52.279964,24.95,FAILURE_RISK,-0.0001,,,,6.7,LOW,No predicted crossing,,77.0,Queue pressure,100.0,Continue monitoring runtime degradation and schedule maintenance if the predicted RSUL continues to decrease.,MEDIUM,detailed
2026-09-19T23:24:52.285972,25.08,FAILURE_RISK,-0.0001,,,,6.7,LOW,No predicted crossing,,77.0,Queue pressure,100.0,Continue monitoring runtime degradation and schedule maintenance if the predicted RSUL continues to decrease.,MEDIUM,detailed
2026-09-19T23:24:53.275029,25.0,FAILURE_RISK,-0.0001,,,,6.7,LOW,No predicted crossing,,77.0,Queue pressure,97.6,Continue monitoring runtime degradation and schedule maintenance if the predicted RSUL continues to decrease.,MEDIUM,detailed
2026-09-19T23:24:53.280930,25.18,FAILURE_RISK,-0.0001,,,,6.7,LOW,No predicted crossing,,77.0,Queue pressure,100.0,Continue monitoring runtime degradation and schedule maintenance if the predicted RSUL continues to decrease.,MEDIUM,detailed
2026-09-19T23:24:53.285928,24.7,FAILURE_RISK,-0.0001,,,,6.7,LOW,No predicted crossing,,77.0,Queue pressure,93.7,Continue monitoring runtime degradation and schedule maintenance if the predicted RSUL continues to decrease.,MEDIUM,detailed
2026-09-19T23:24:53.289934,25.08,FAILURE_RISK,-0.0001,,,,6.7,LOW,No predicted crossing,,77.0,Queue pressure,100.0,Continue monitoring runtime degradation and schedule maintenance if the predicted RSUL continues to decrease.,MEDIUM,detailed
2026-09-19T23:24:54.268033,25.0,FAILURE_RISK,-0.0001,,,,6.7,LOW,No predicted crossing,,77.0,Queue pressure,97.6,Continue monitoring runtime degradation and schedule maintenance if the predicted RSUL continues to decrease.,MEDIUM,detailed
2026-09-19T23:24:54.274988,25.18,FAILURE_RISK,-0.0001,,,,6.7,LOW,No predicted crossing,,77.0,Queue pressure,100.0,Continue monitoring runtime degradation and schedule maintenance if the predicted RSUL continues to decrease.,MEDIUM,detailed
2026-09-19T23:24:54.281046,24.7,FAILURE_RISK,-0.0001,,,,6.7,LOW,No predicted crossing,,77.0,Queue pressure,93.7,Continue monitoring runtime degradation and schedule maintenance if the predicted RSUL continues to decrease.,MEDIUM,detailed
2026-09-19T23:24:54.287983,25.08,FAILURE_RISK,-0.0001,,,,6.7,LOW,No predicted crossing,,77.0,Queue pressure,100.0,Continue monitoring runtime degradation and schedule maintenance if the predicted RSUL continues to decrease.,MEDIUM,detailed
2026-09-19T23:24:55.267115,25.0,FAILURE_RISK,-0.0001,,,,6.7,LOW,No predicted crossing,,77.0,Queue pressure,97.6,Continue monitoring runtime degradation and schedule maintenance if the predicted RSUL continues to decrease.,MEDIUM,detailed
2026-09-19T23:24:55.272116,25.18,FAILURE_RISK,-0.0001,,,,6.7,LOW,No predicted crossing,,77.0,Queue pressure,100.0,Continue monitoring runtime degradation and schedule maintenance if the predicted RSUL continues to decrease.,MEDIUM,detailed
2026-09-19T23:24:55.278115,24.91,FAILURE_RISK,-0.0001,,,,6.7,LOW,No predicted crossing,,77.0,Queue pressure,93.7,Continue monitoring runtime degradation and schedule maintenance if the predicted RSUL continues to decrease.,MEDIUM,detailed
2026-09-19T23:24:55.283114,25.08,FAILURE_RISK,-0.0001,,,,6.7,LOW,No predicted crossing,,77.0,Queue pressure,100.0,Continue monitoring runtime degradation and schedule maintenance if the predicted RSUL continues to decrease.,MEDIUM,detailed
2026-09-19T23:24:56.275002,25.0,FAILURE_RISK,-0.0001,,,,6.7,LOW,No predicted crossing,,77.0,Queue pressure,97.6,Continue monitoring runtime degradation and schedule maintenance if the predicted RSUL continues to decrease.,MEDIUM,detailed
2026-09-19T23:24:56.282902,25.18,FAILURE_RISK,-0.0001,,,,6.7,LOW,No predicted crossing,,77.0,Queue pressure,100.0,Continue monitoring runtime degradation and schedule maintenance if the predicted RSUL continues to decrease.,MEDIUM,detailed
2026-09-19T23:24:56.288011,24.74,FAILURE_RISK,-0.0001,,,,6.7,LOW,No predicted crossing,,77.0,Queue pressure,93.7,Continue monitoring runtime degradation and schedule maintenance if the predicted RSUL continues to decrease.,MEDIUM,detailed
2026-09-19T23:24:56.291903,25.08,FAILURE_RISK,-0.0001,,,,6.7,LOW,No predicted crossing,,77.0,Queue pressure,100.0,Continue monitoring runtime degradation and schedule maintenance if the predicted RSUL continues to decrease.,MEDIUM,detailed
2026-09-19T23:24:57.272226,25.0,FAILURE_RISK,-0.0001,,,,6.7,LOW,No predicted crossing,,77.0,Queue pressure,97.6,Continue monitoring runtime degradation and schedule maintenance if the predicted RSUL continues to decrease.,MEDIUM,detailed
2026-09-19T23:24:57.278279,25.18,FAILURE_RISK,-0.0001,,,,6.7,LOW,No predicted crossing,,77.0,Queue pressure,100.0,Continue monitoring runtime degradation and schedule maintenance if the predicted RSUL continues to decrease.,MEDIUM,detailed
2026-09-19T23:24:57.285179,24.7,FAILURE_RISK,-0.0001,,,,6.7,LOW,No predicted crossing,,77.0,Queue pressure,93.7,Continue monitoring runtime degradation and schedule maintenance if the predicted RSUL continues to decrease.,MEDIUM,detailed
2026-09-19T23:24:57.290178,25.08,FAILURE_RISK,-0.0001,,,,6.7,LOW,No predicted crossing,,77.0,Queue pressure,100.0,Continue monitoring runtime degradation and schedule maintenance if the predicted RSUL continues to decrease.,MEDIUM,detailed
2026-09-19T23:24:58.270660,25.0,FAILURE_RISK,-0.0001,,,,6.7,LOW,No predicted crossing,,77.0,Queue pressure,97.6,Continue monitoring runtime degradation and schedule maintenance if the predicted RSUL continues to decrease.,MEDIUM,detailed
2026-09-19T23:24:58.280184,25.18,FAILURE_RISK,-0.0001,,,,6.7,LOW,No predicted crossing,,77.0,Queue pressure,100.0,Continue monitoring runtime degradation and schedule maintenance if the predicted RSUL continues to decrease.,MEDIUM,detailed
2026-09-19T23:24:58.284146,24.95,FAILURE_RISK,-0.0001,,,,6.7,LOW,No predicted crossing,,77.0,Queue pressure,93.7,Continue monitoring runtime degradation and schedule maintenance if the predicted RSUL continues to decrease.,MEDIUM,detailed
2026-09-19T23:24:58.289488,25.08,FAILURE_RISK,-0.0001,,,,6.7,LOW,No predicted crossing,,77.0,Queue pressure,100.0,Continue monitoring runtime degradation and schedule maintenance if the predicted RSUL continues to decrease.,MEDIUM,detailed
2026-09-19T23:24:59.274717,25.0,FAILURE_RISK,-0.0001,,,,6.7,LOW,No predicted crossing,,77.0,Queue pressure,97.6,Continue monitoring runtime degradation and schedule maintenance if the predicted RSUL continues to decrease.,MEDIUM,detailed
2026-09-19T23:24:59.279742,25.18,FAILURE_RISK,-0.0001,,,,6.7,LOW,No predicted crossing,,77.0,Queue pressure,100.0,Continue monitoring runtime degradation and schedule maintenance if the predicted RSUL continues to decrease.,MEDIUM,detailed
2026-09-19T23:24:59.284795,24.7,FAILURE_RISK,-0.0001,,,,6.7,LOW,No predicted crossing,,77.0,Queue pressure,93.7,Continue monitoring runtime degradation and schedule maintenance if the predicted RSUL continues to decrease.,MEDIUM,detailed
2026-09-19T23:24:59.292249,25.08,FAILURE_RISK,-0.0001,,,,6.7,LOW,No predicted crossing,,77.0,Queue pressure,100.0,Continue monitoring runtime degradation and schedule maintenance if the predicted RSUL continues to decrease.,MEDIUM,detailed
2026-09-19T23:25:00.269941,25.0,FAILURE_RISK,-0.0001,,,,6.7,LOW,No predicted crossing,,77.0,Queue pressure,97.6,Continue monitoring runtime degradation and schedule maintenance if the predicted RSUL continues to decrease.,MEDIUM,detailed
2026-09-19T23:25:00.275941,25.18,FAILURE_RISK,-0.0001,,,,6.7,LOW,No predicted crossing,,77.0,Queue pressure,100.0,Continue monitoring runtime degradation and schedule maintenance if the predicted RSUL continues to decrease.,MEDIUM,detailed
2026-09-19T23:25:00.280343,24.7,FAILURE_RISK,-0.0001,,,,6.7,LOW,No predicted crossing,,77.0,Queue pressure,93.7,Continue monitoring runtime degradation and schedule maintenance if the predicted RSUL continues to decrease.,MEDIUM,detailed
2026-09-19T23:25:00.285896,25.08,FAILURE_RISK,-0.0001,,,,6.7,LOW,No predicted crossing,,77.0,Queue pressure,100.0,Continue monitoring runtime degradation and schedule maintenance if the predicted RSUL continues to decrease.,MEDIUM,detailed
2026-09-19T23:25:01.271421,24.95,FAILURE_RISK,-0.0001,,,,6.7,LOW,No predicted crossing,,77.0,Queue pressure,95.9,Continue monitoring runtime degradation and schedule maintenance if the predicted RSUL continues to decrease.,MEDIUM,detailed
2026-09-19T23:25:01.276421,25.08,FAILURE_RISK,-0.0001,,,,6.7,LOW,No predicted crossing,,77.0,Queue pressure,98.8,Continue monitoring runtime degradation and schedule maintenance if the predicted RSUL continues to decrease.,MEDIUM,detailed
2026-09-19T23:25:02.279340,25.18,FAILURE_RISK,-0.0001,,,,6.7,LOW,No predicted crossing,,77.0,Queue pressure,100.0,Continue monitoring runtime degradation and schedule maintenance if the predicted RSUL continues to decrease.,MEDIUM,detailed
2026-09-19T23:25:02.287333,24.7,FAILURE_RISK,-0.0001,,,,6.7,LOW,No predicted crossing,,77.0,Queue pressure,100.0,Continue monitoring runtime degradation and schedule maintenance if the predicted RSUL continues to decrease.,MEDIUM,detailed
2026-09-19T23:25:02.292590,25.08,FAILURE_RISK,-0.0001,,,,6.7,LOW,No predicted crossing,,77.0,Queue pressure,99.6,Continue monitoring runtime degradation and schedule maintenance if the predicted RSUL continues to decrease.,MEDIUM,detailed
2026-09-19T23:25:03.266873,25.0,FAILURE_RISK,-0.0001,,,,6.7,LOW,No predicted crossing,,77.0,Queue pressure,99.3,Continue monitoring runtime degradation and schedule maintenance if the predicted RSUL continues to decrease.,MEDIUM,detailed
2026-09-19T23:25:03.272799,25.18,FAILURE_RISK,-0.0001,,,,6.7,LOW,No predicted crossing,,77.0,Queue pressure,100.0,Continue monitoring runtime degradation and schedule maintenance if the predicted RSUL continues to decrease.,MEDIUM,detailed
2026-09-19T23:25:03.281866,24.7,FAILURE_RISK,-0.0001,,,,6.7,LOW,No predicted crossing,,77.0,Queue pressure,100.0,Continue monitoring runtime degradation and schedule maintenance if the predicted RSUL continues to decrease.,MEDIUM,detailed
2026-09-19T23:25:03.288882,25.08,FAILURE_RISK,-0.0001,,,,6.7,LOW,No predicted crossing,,77.0,Queue pressure,100.0,Continue monitoring runtime degradation and schedule maintenance if the predicted RSUL continues to decrease.,MEDIUM,detailed
2026-09-19T23:25:04.269955,25.0,FAILURE_RISK,-0.0001,,,,6.7,LOW,No predicted crossing,,77.0,Queue pressure,99.9,Continue monitoring runtime degradation and schedule maintenance if the predicted RSUL continues to decrease.,MEDIUM,detailed
2026-09-19T23:25:04.276588,25.18,FAILURE_RISK,-0.0001,,,,6.7,LOW,No predicted crossing,,77.0,Queue pressure,100.0,Continue monitoring runtime degradation and schedule maintenance if the predicted RSUL continues to decrease.,MEDIUM,detailed
2026-09-19T23:25:04.281136,24.91,FAILURE_RISK,-0.0001,,,,6.7,LOW,No predicted crossing,,77.0,Queue pressure,93.7,Continue monitoring runtime degradation and schedule maintenance if the predicted RSUL continues to decrease.,MEDIUM,detailed
2026-09-19T23:25:04.286156,25.08,FAILURE_RISK,-0.0001,,,,6.7,LOW,No predicted crossing,,77.0,Queue pressure,100.0,Continue monitoring runtime degradation and schedule maintenance if the predicted RSUL continues to decrease.,MEDIUM,detailed
2026-09-19T23:25:05.271126,25.0,FAILURE_RISK,-0.0001,,,,6.7,LOW,No predicted crossing,,77.0,Queue pressure,97.6,Continue monitoring runtime degradation and schedule maintenance if the predicted RSUL continues to decrease.,MEDIUM,detailed
2026-09-19T23:25:05.280133,25.18,FAILURE_RISK,-0.0001,,,,6.7,LOW,No predicted crossing,,77.0,Queue pressure,100.0,Continue monitoring runtime degradation and schedule maintenance if the predicted RSUL continues to decrease.,MEDIUM,detailed
2026-09-19T23:25:05.285233,24.74,FAILURE_RISK,-0.0001,,,,6.7,LOW,No predicted crossing,,77.0,Queue pressure,93.7,Continue monitoring runtime degradation and schedule maintenance if the predicted RSUL continues to decrease.,MEDIUM,detailed
2026-09-19T23:25:05.292254,25.08,FAILURE_RISK,-0.0001,,,,6.7,LOW,No predicted crossing,,77.0,Queue pressure,100.0,Continue monitoring runtime degradation and schedule maintenance if the predicted RSUL continues to decrease.,MEDIUM,detailed
2026-09-19T23:25:06.269391,25.0,FAILURE_RISK,-0.0001,,,,6.7,LOW,No predicted crossing,,77.0,Queue pressure,97.6,Continue monitoring runtime degradation and schedule maintenance if the predicted RSUL continues to decrease.,MEDIUM,detailed
2026-09-19T23:25:06.274907,25.18,FAILURE_RISK,-0.0001,,,,6.7,LOW,No predicted crossing,,77.0,Queue pressure,100.0,Continue monitoring runtime degradation and schedule maintenance if the predicted RSUL continues to decrease.,MEDIUM,detailed
2026-09-19T23:25:06.279906,24.7,FAILURE_RISK,-0.0001,,,,6.7,LOW,No predicted crossing,,77.0,Queue pressure,93.7,Continue monitoring runtime degradation and schedule maintenance if the predicted RSUL continues to decrease.,MEDIUM,detailed
2026-09-19T23:25:06.283906,25.08,FAILURE_RISK,-0.0001,,,,6.7,LOW,No predicted crossing,,77.0,Queue pressure,100.0,Continue monitoring runtime degradation and schedule maintenance if the predicted RSUL continues to decrease.,MEDIUM,detailed
2026-09-19T23:25:07.267883,25.0,FAILURE_RISK,-0.0001,,,,6.7,LOW,No predicted crossing,,77.0,Queue pressure,97.6,Continue monitoring runtime degradation and schedule maintenance if the predicted RSUL continues to decrease.,MEDIUM,detailed
2026-09-19T23:25:07.273485,25.18,FAILURE_RISK,-0.0001,,,,6.7,LOW,No predicted crossing,,77.0,Queue pressure,100.0,Continue monitoring runtime degradation and schedule maintenance if the predicted RSUL continues to decrease.,MEDIUM,detailed
2026-09-19T23:25:07.278594,24.95,FAILURE_RISK,-0.0001,,,,6.7,LOW,No predicted crossing,,77.0,Queue pressure,93.7,Continue monitoring runtime degradation and schedule maintenance if the predicted RSUL continues to decrease.,MEDIUM,detailed
2026-09-19T23:25:07.284492,25.08,FAILURE_RISK,-0.0001,,,,6.7,LOW,No predicted crossing,,77.0,Queue pressure,100.0,Continue monitoring runtime degradation and schedule maintenance if the predicted RSUL continues to decrease.,MEDIUM,detailed
2026-09-19T23:25:08.273015,24.7,FAILURE_RISK,-0.0001,,,,6.7,LOW,No predicted crossing,,77.0,Queue pressure,95.9,Continue monitoring runtime degradation and schedule maintenance if the predicted RSUL continues to decrease.,MEDIUM,detailed
2026-09-19T23:25:08.278015,25.08,FAILURE_RISK,-0.0001,,,,6.7,LOW,No predicted crossing,,77.0,Queue pressure,98.8,Continue monitoring runtime degradation and schedule maintenance if the predicted RSUL continues to decrease.,MEDIUM,detailed
2026-09-19T23:25:09.267172,25.0,FAILURE_RISK,-0.0001,,,,6.7,LOW,No predicted crossing,,77.0,Queue pressure,90.4,Continue monitoring runtime degradation and schedule maintenance if the predicted RSUL continues to decrease.,MEDIUM,detailed
2026-09-19T23:25:09.272128,25.18,FAILURE_RISK,-0.0001,,,,6.7,LOW,No predicted crossing,,77.0,Queue pressure,100.0,Continue monitoring runtime degradation and schedule maintenance if the predicted RSUL continues to decrease.,MEDIUM,detailed
2026-09-19T23:25:09.278126,24.7,FAILURE_RISK,-0.0001,,,,6.7,LOW,No predicted crossing,,77.0,Queue pressure,98.0,Continue monitoring runtime degradation and schedule maintenance if the predicted RSUL continues to decrease.,MEDIUM,detailed
2026-09-19T23:25:09.284637,25.08,FAILURE_RISK,-0.0001,,,,6.7,LOW,No predicted crossing,,77.0,Queue pressure,100.0,Continue monitoring runtime degradation and schedule maintenance if the predicted RSUL continues to decrease.,MEDIUM,detailed
2026-09-19T23:25:10.266603,25.0,FAILURE_RISK,-0.0001,,,,6.7,LOW,No predicted crossing,,77.0,Queue pressure,94.6,Continue monitoring runtime degradation and schedule maintenance if the predicted RSUL continues to decrease.,MEDIUM,detailed
2026-09-19T23:25:10.271541,25.18,FAILURE_RISK,-0.0001,,,,6.7,LOW,No predicted crossing,,77.0,Queue pressure,100.0,Continue monitoring runtime degradation and schedule maintenance if the predicted RSUL continues to decrease.,MEDIUM,detailed
2026-09-19T23:25:10.279105,24.95,FAILURE_RISK,-0.0001,,,,6.7,LOW,No predicted crossing,,77.0,Queue pressure,100.0,Continue monitoring runtime degradation and schedule maintenance if the predicted RSUL continues to decrease.,MEDIUM,detailed
2026-09-19T23:25:10.284046,25.08,FAILURE_RISK,-0.0001,,,,6.7,LOW,No predicted crossing,,77.0,Queue pressure,100.0,Continue monitoring runtime degradation and schedule maintenance if the predicted RSUL continues to decrease.,MEDIUM,detailed
2026-09-19T23:25:11.276044,25.0,FAILURE_RISK,-0.0001,,,,6.7,LOW,No predicted crossing,,77.0,Queue pressure,97.6,Continue monitoring runtime degradation and schedule maintenance if the predicted RSUL continues to decrease.,MEDIUM,detailed
2026-09-19T23:25:11.283153,25.18,FAILURE_RISK,-0.0001,,,,6.7,LOW,No predicted crossing,,77.0,Queue pressure,100.0,Continue monitoring runtime degradation and schedule maintenance if the predicted RSUL continues to decrease.,MEDIUM,detailed
2026-09-19T23:25:11.287050,24.7,FAILURE_RISK,-0.0001,,,,6.7,LOW,No predicted crossing,,77.0,Queue pressure,93.7,Continue monitoring runtime degradation and schedule maintenance if the predicted RSUL continues to decrease.,MEDIUM,detailed
2026-09-19T23:25:11.293402,25.08,FAILURE_RISK,-0.0001,,,,6.7,LOW,No predicted crossing,,77.0,Queue pressure,100.0,Continue monitoring runtime degradation and schedule maintenance if the predicted RSUL continues to decrease.,MEDIUM,detailed
2026-09-19T23:25:12.265576,25.0,FAILURE_RISK,-0.0001,,,,6.7,LOW,No predicted crossing,,77.0,Queue pressure,97.6,Continue monitoring runtime degradation and schedule maintenance if the predicted RSUL continues to decrease.,MEDIUM,detailed
2026-09-19T23:25:12.271657,25.18,FAILURE_RISK,-0.0001,,,,6.7,LOW,No predicted crossing,,77.0,Queue pressure,100.0,Continue monitoring runtime degradation and schedule maintenance if the predicted RSUL continues to decrease.,MEDIUM,detailed
2026-09-19T23:25:12.277661,24.7,FAILURE_RISK,-0.0001,,,,6.7,LOW,No predicted crossing,,77.0,Queue pressure,93.7,Continue monitoring runtime degradation and schedule maintenance if the predicted RSUL continues to decrease.,MEDIUM,detailed
2026-09-19T23:25:12.283619,25.08,FAILURE_RISK,-0.0001,,,,6.7,LOW,No predicted crossing,,77.0,Queue pressure,100.0,Continue monitoring runtime degradation and schedule maintenance if the predicted RSUL continues to decrease.,MEDIUM,detailed
2026-09-19T23:25:13.269338,25.0,FAILURE_RISK,-0.0001,,,,6.7,LOW,No predicted crossing,,77.0,Queue pressure,97.5,Continue monitoring runtime degradation and schedule maintenance if the predicted RSUL continues to decrease.,MEDIUM,detailed
2026-09-19T23:25:13.275332,25.18,FAILURE_RISK,-0.0001,,,,6.7,LOW,No predicted crossing,,77.0,Queue pressure,100.0,Continue monitoring runtime degradation and schedule maintenance if the predicted RSUL continues to decrease.,MEDIUM,detailed
2026-09-19T23:25:13.287241,24.9,FAILURE_RISK,-0.0001,,,,6.7,LOW,No predicted crossing,,77.0,Queue pressure,93.6,Continue monitoring runtime degradation and schedule maintenance if the predicted RSUL continues to decrease.,MEDIUM,detailed
2026-09-19T23:25:13.292276,25.08,FAILURE_RISK,-0.0001,,,,6.7,LOW,No predicted crossing,,77.0,Queue pressure,100.0,Continue monitoring runtime degradation and schedule maintenance if the predicted RSUL continues to decrease.,MEDIUM,detailed
2026-09-19T23:25:14.278762,25.0,FAILURE_RISK,-0.0001,,,,6.7,LOW,No predicted crossing,,77.0,Queue pressure,97.5,Continue monitoring runtime degradation and schedule maintenance if the predicted RSUL continues to decrease.,MEDIUM,detailed
2026-09-19T23:25:14.283919,25.18,FAILURE_RISK,-0.0001,,,,6.7,LOW,No predicted crossing,,77.0,Queue pressure,100.0,Continue monitoring runtime degradation and schedule maintenance if the predicted RSUL continues to decrease.,MEDIUM,detailed
2026-09-19T23:25:14.288901,24.74,FAILURE_RISK,-0.0001,,,,6.7,LOW,No predicted crossing,,77.0,Queue pressure,93.7,Continue monitoring runtime degradation and schedule maintenance if the predicted RSUL continues to decrease.,MEDIUM,detailed
2026-09-19T23:25:14.293925,25.08,FAILURE_RISK,-0.0001,,,,6.7,LOW,No predicted crossing,,77.0,Queue pressure,100.0,Continue monitoring runtime degradation and schedule maintenance if the predicted RSUL continues to decrease.,MEDIUM,detailed
2026-09-19T23:25:15.264708,25.0,FAILURE_RISK,-0.0001,,,,6.7,LOW,No predicted crossing,,77.0,Queue pressure,97.6,Continue monitoring runtime degradation and schedule maintenance if the predicted RSUL continues to decrease.,MEDIUM,detailed
2026-09-19T23:25:15.270709,25.18,FAILURE_RISK,-0.0001,,,,6.7,LOW,No predicted crossing,,77.0,Queue pressure,100.0,Continue monitoring runtime degradation and schedule maintenance if the predicted RSUL continues to decrease.,MEDIUM,detailed
2026-09-19T23:25:15.277724,24.7,FAILURE_RISK,-0.0001,,,,6.7,LOW,No predicted crossing,,77.0,Queue pressure,93.7,Continue monitoring runtime degradation and schedule maintenance if the predicted RSUL continues to decrease.,MEDIUM,detailed
2026-09-19T23:25:15.282814,25.08,FAILURE_RISK,-0.0001,,,,6.7,LOW,No predicted crossing,,77.0,Queue pressure,100.0,Continue monitoring runtime degradation and schedule maintenance if the predicted RSUL continues to decrease.,MEDIUM,detailed
2026-09-19T23:25:16.265870,25.0,FAILURE_RISK,-0.0001,,,,6.7,LOW,No predicted crossing,,77.0,Queue pressure,97.6,Continue monitoring runtime degradation and schedule maintenance if the predicted RSUL continues to decrease.,MEDIUM,detailed
2026-09-19T23:25:16.273399,25.18,FAILURE_RISK,-0.0001,,,,6.7,LOW,No predicted crossing,,77.0,Queue pressure,100.0,Continue monitoring runtime degradation and schedule maintenance if the predicted RSUL continues to decrease.,MEDIUM,detailed
2026-09-19T23:25:16.280838,24.95,FAILURE_RISK,-0.0001,,,,6.7,LOW,No predicted crossing,,77.0,Queue pressure,93.6,Continue monitoring runtime degradation and schedule maintenance if the predicted RSUL continues to decrease.,MEDIUM,detailed
2026-09-19T23:25:16.287862,25.08,FAILURE_RISK,-0.0001,,,,6.7,LOW,No predicted crossing,,77.0,Queue pressure,100.0,Continue monitoring runtime degradation and schedule maintenance if the predicted RSUL continues to decrease.,MEDIUM,detailed
2026-09-19T23:25:17.276125,24.7,FAILURE_RISK,-0.0001,,,,6.7,LOW,No predicted crossing,,77.0,Queue pressure,95.9,Continue monitoring runtime degradation and schedule maintenance if the predicted RSUL continues to decrease.,MEDIUM,detailed
2026-09-19T23:25:17.281126,25.08,FAILURE_RISK,-0.0001,,,,6.7,LOW,No predicted crossing,,77.0,Queue pressure,98.7,Continue monitoring runtime degradation and schedule maintenance if the predicted RSUL continues to decrease.,MEDIUM,detailed
2026-09-19T23:25:18.275508,25.18,FAILURE_RISK,-0.0001,,,,6.7,LOW,No predicted crossing,,77.0,Queue pressure,100.0,Continue monitoring runtime degradation and schedule maintenance if the predicted RSUL continues to decrease.,MEDIUM,detailed
2026-09-19T23:25:18.284503,24.69,FAILURE_RISK,-0.0001,,,,6.7,LOW,No predicted crossing,,77.0,Queue pressure,100.0,Continue monitoring runtime degradation and schedule maintenance if the predicted RSUL continues to decrease.,MEDIUM,detailed
2026-09-19T23:25:18.291396,25.08,FAILURE_RISK,-0.0001,,,,6.7,LOW,No predicted crossing,,77.0,Queue pressure,99.6,Continue monitoring runtime degradation and schedule maintenance if the predicted RSUL continues to decrease.,MEDIUM,detailed
2026-09-19T23:25:19.272162,25.0,FAILURE_RISK,-0.0001,,,,6.7,LOW,No predicted crossing,,77.0,Queue pressure,99.3,Continue monitoring runtime degradation and schedule maintenance if the predicted RSUL continues to decrease.,MEDIUM,detailed
2026-09-19T23:25:19.280123,25.18,FAILURE_RISK,-0.0001,,,,6.7,LOW,No predicted crossing,,77.0,Queue pressure,100.0,Continue monitoring runtime degradation and schedule maintenance if the predicted RSUL continues to decrease.,MEDIUM,detailed
2026-09-19T23:25:19.285122,24.95,FAILURE_RISK,-0.0001,,,,6.7,LOW,No predicted crossing,,77.0,Queue pressure,100.0,Continue monitoring runtime degradation and schedule maintenance if the predicted RSUL continues to decrease.,MEDIUM,detailed
2026-09-19T23:25:19.291123,25.08,FAILURE_RISK,-0.0001,,,,6.7,LOW,No predicted crossing,,77.0,Queue pressure,100.0,Continue monitoring runtime degradation and schedule maintenance if the predicted RSUL continues to decrease.,MEDIUM,detailed
2026-09-19T23:25:20.273122,25.0,FAILURE_RISK,-0.0001,,,,6.7,LOW,No predicted crossing,,77.0,Queue pressure,99.9,Continue monitoring runtime degradation and schedule maintenance if the predicted RSUL continues to decrease.,MEDIUM,detailed
2026-09-19T23:25:20.280602,25.18,FAILURE_RISK,-0.0001,,,,6.7,LOW,No predicted crossing,,77.0,Queue pressure,100.0,Continue monitoring runtime degradation and schedule maintenance if the predicted RSUL continues to decrease.,MEDIUM,detailed
2026-09-19T23:25:20.286067,24.69,FAILURE_RISK,-0.0,,,,6.7,LOW,No predicted crossing,,77.0,Queue pressure,93.7,Continue monitoring runtime degradation and schedule maintenance if the predicted RSUL continues to decrease.,MEDIUM,detailed
2026-09-19T23:25:20.293006,25.08,FAILURE_RISK,-0.0,,,,6.7,LOW,No predicted crossing,,77.0,Queue pressure,100.0,Continue monitoring runtime degradation and schedule maintenance if the predicted RSUL continues to decrease.,MEDIUM,detailed
2026-09-19T23:25:21.270343,25.0,FAILURE_RISK,-0.0,,,,6.7,LOW,No predicted crossing,,77.0,Queue pressure,97.6,Continue monitoring runtime degradation and schedule maintenance if the predicted RSUL continues to decrease.,MEDIUM,detailed
2026-09-19T23:25:21.275451,25.18,FAILURE_RISK,-0.0,,,,6.7,LOW,No predicted crossing,,77.0,Queue pressure,100.0,Continue monitoring runtime degradation and schedule maintenance if the predicted RSUL continues to decrease.,MEDIUM,detailed
2026-09-19T23:25:21.280344,24.69,FAILURE_RISK,-0.0,,,,6.7,LOW,No predicted crossing,,77.0,Queue pressure,93.7,Continue monitoring runtime degradation and schedule maintenance if the predicted RSUL continues to decrease.,MEDIUM,detailed
2026-09-19T23:25:21.285346,25.08,FAILURE_RISK,-0.0,,,,6.7,LOW,No predicted crossing,,77.0,Queue pressure,100.0,Continue monitoring runtime degradation and schedule maintenance if the predicted RSUL continues to decrease.,MEDIUM,detailed
2026-09-19T23:25:22.266742,25.0,FAILURE_RISK,-0.0,,,,6.7,LOW,No predicted crossing,,77.0,Queue pressure,97.6,Continue monitoring runtime degradation and schedule maintenance if the predicted RSUL continues to decrease.,MEDIUM,detailed
2026-09-19T23:25:22.272744,25.18,FAILURE_RISK,-0.0,,,,6.7,LOW,No predicted crossing,,77.0,Queue pressure,100.0,Continue monitoring runtime degradation and schedule maintenance if the predicted RSUL continues to decrease.,MEDIUM,detailed
2026-09-19T23:25:22.279743,24.9,FAILURE_RISK,-0.0,,,,6.7,LOW,No predicted crossing,,77.0,Queue pressure,93.7,Continue monitoring runtime degradation and schedule maintenance if the predicted RSUL continues to decrease.,MEDIUM,detailed
2026-09-19T23:25:22.288742,25.08,FAILURE_RISK,-0.0,,,,6.7,LOW,No predicted crossing,,77.0,Queue pressure,100.0,Continue monitoring runtime degradation and schedule maintenance if the predicted RSUL continues to decrease.,MEDIUM,detailed
2026-09-19T23:25:23.274847,25.18,FAILURE_RISK,-0.0,,,,6.7,LOW,No predicted crossing,,77.0,Queue pressure,100.0,Continue monitoring runtime degradation and schedule maintenance if the predicted RSUL continues to decrease.,MEDIUM,detailed
2026-09-19T23:25:23.280850,24.74,FAILURE_RISK,-0.0,,,,6.7,LOW,No predicted crossing,,77.0,Queue pressure,99.9,Continue monitoring runtime degradation and schedule maintenance if the predicted RSUL continues to decrease.,MEDIUM,detailed
2026-09-19T23:25:23.285848,25.08,FAILURE_RISK,-0.0,,,,6.7,LOW,No predicted crossing,,77.0,Queue pressure,96.9,Continue monitoring runtime degradation and schedule maintenance if the predicted RSUL continues to decrease.,MEDIUM,detailed
2026-09-19T23:25:24.270279,25.0,FAILURE_RISK,-0.0,,,,6.7,LOW,No predicted crossing,,77.0,Queue pressure,100.0,Continue monitoring runtime degradation and schedule maintenance if the predicted RSUL continues to decrease.,MEDIUM,detailed
2026-09-19T23:25:24.277280,25.18,FAILURE_RISK,-0.0,,,,6.7,LOW,No predicted crossing,,77.0,Queue pressure,100.0,Continue monitoring runtime degradation and schedule maintenance if the predicted RSUL continues to decrease.,MEDIUM,detailed
2026-09-19T23:25:24.285282,24.69,FAILURE_RISK,-0.0,,,,6.7,LOW,No predicted crossing,,77.0,Queue pressure,98.9,Continue monitoring runtime degradation and schedule maintenance if the predicted RSUL continues to decrease.,MEDIUM,detailed
2026-09-19T23:25:24.291280,25.08,FAILURE_RISK,-0.0,,,,6.7,LOW,No predicted crossing,,77.0,Queue pressure,94.0,Continue monitoring runtime degradation and schedule maintenance if the predicted RSUL continues to decrease.,MEDIUM,detailed
2026-09-19T23:25:25.270260,25.0,FAILURE_RISK,-0.0,,,,6.7,LOW,No predicted crossing,,77.0,Queue pressure,99.9,Continue monitoring runtime degradation and schedule maintenance if the predicted RSUL continues to decrease.,MEDIUM,detailed
2026-09-19T23:25:25.275245,25.18,FAILURE_RISK,-0.0,,,,6.7,LOW,No predicted crossing,,77.0,Queue pressure,100.0,Continue monitoring runtime degradation and schedule maintenance if the predicted RSUL continues to decrease.,MEDIUM,detailed
2026-09-19T23:25:25.281221,24.95,FAILURE_RISK,-0.0,,,,6.7,LOW,No predicted crossing,,77.0,Queue pressure,93.7,Continue monitoring runtime degradation and schedule maintenance if the predicted RSUL continues to decrease.,MEDIUM,detailed
2026-09-19T23:25:25.286194,25.08,FAILURE_RISK,-0.0,,,,6.7,LOW,No predicted crossing,,77.0,Queue pressure,100.0,Continue monitoring runtime degradation and schedule maintenance if the predicted RSUL continues to decrease.,MEDIUM,detailed
2026-09-19T23:25:26.271979,24.69,FAILURE_RISK,-0.0,,,,6.7,LOW,No predicted crossing,,77.0,Queue pressure,95.9,Continue monitoring runtime degradation and schedule maintenance if the predicted RSUL continues to decrease.,MEDIUM,detailed
2026-09-19T23:25:26.277938,25.08,FAILURE_RISK,-0.0,,,,6.7,LOW,No predicted crossing,,77.0,Queue pressure,98.8,Continue monitoring runtime degradation and schedule maintenance if the predicted RSUL continues to decrease.,MEDIUM,detailed
2026-09-19T23:25:27.271565,25.0,FAILURE_RISK,-0.0,,,,6.7,LOW,No predicted crossing,,77.0,Queue pressure,90.4,Continue monitoring runtime degradation and schedule maintenance if the predicted RSUL continues to decrease.,MEDIUM,detailed
2026-09-19T23:25:27.277672,25.18,FAILURE_RISK,-0.0,,,,6.7,LOW,No predicted crossing,,77.0,Queue pressure,100.0,Continue monitoring runtime degradation and schedule maintenance if the predicted RSUL continues to decrease.,MEDIUM,detailed
2026-09-19T23:25:27.284562,24.69,FAILURE_RISK,-0.0,,,,6.7,LOW,No predicted crossing,,77.0,Queue pressure,98.0,Continue monitoring runtime degradation and schedule maintenance if the predicted RSUL continues to decrease.,MEDIUM,detailed
2026-09-19T23:25:27.300563,25.08,FAILURE_RISK,-0.0,,,,6.7,LOW,No predicted crossing,,77.0,Queue pressure,100.0,Continue monitoring runtime degradation and schedule maintenance if the predicted RSUL continues to decrease.,MEDIUM,detailed
2026-09-19T23:25:28.266303,25.0,FAILURE_RISK,-0.0,,,,6.7,LOW,No predicted crossing,,77.0,Queue pressure,94.6,Continue monitoring runtime degradation and schedule maintenance if the predicted RSUL continues to decrease.,MEDIUM,detailed
2026-09-19T23:25:28.271862,25.18,FAILURE_RISK,-0.0,,,,6.7,LOW,No predicted crossing,,77.0,Queue pressure,100.0,Continue monitoring runtime degradation and schedule maintenance if the predicted RSUL continues to decrease.,MEDIUM,detailed
2026-09-19T23:25:28.278870,24.95,FAILURE_RISK,-0.0,,,,6.7,LOW,No predicted crossing,,77.0,Queue pressure,100.0,Continue monitoring runtime degradation and schedule maintenance if the predicted RSUL continues to decrease.,MEDIUM,detailed
2026-09-19T23:25:28.286846,25.08,FAILURE_RISK,-0.0,,,,6.7,LOW,No predicted crossing,,77.0,Queue pressure,100.0,Continue monitoring runtime degradation and schedule maintenance if the predicted RSUL continues to decrease.,MEDIUM,detailed
2026-09-19T23:25:29.275884,24.69,FAILURE_RISK,-0.0,,,,6.7,LOW,No predicted crossing,,77.0,Queue pressure,95.9,Continue monitoring runtime degradation and schedule maintenance if the predicted RSUL continues to decrease.,MEDIUM,detailed
2026-09-19T23:25:29.281903,25.08,FAILURE_RISK,-0.0,,,,6.7,LOW,No predicted crossing,,77.0,Queue pressure,98.8,Continue monitoring runtime degradation and schedule maintenance if the predicted RSUL continues to decrease.,MEDIUM,detailed
2026-09-19T23:25:30.265686,25.0,FAILURE_RISK,-0.0,,,,6.7,LOW,No predicted crossing,,77.0,Queue pressure,90.4,Continue monitoring runtime degradation and schedule maintenance if the predicted RSUL continues to decrease.,MEDIUM,detailed
2026-09-19T23:25:30.270685,25.18,FAILURE_RISK,-0.0,,,,6.7,LOW,No predicted crossing,,77.0,Queue pressure,100.0,Continue monitoring runtime degradation and schedule maintenance if the predicted RSUL continues to decrease.,MEDIUM,detailed
2026-09-19T23:25:30.276192,24.69,FAILURE_RISK,0.0,,,,6.7,LOW,No predicted crossing,,77.0,Queue pressure,98.0,Continue monitoring runtime degradation and schedule maintenance if the predicted RSUL continues to decrease.,MEDIUM,detailed
2026-09-19T23:25:30.284285,25.08,FAILURE_RISK,0.0,,,,6.7,LOW,No predicted crossing,,77.0,Queue pressure,100.0,Continue monitoring runtime degradation and schedule maintenance if the predicted RSUL continues to decrease.,MEDIUM,detailed
2026-09-19T23:25:31.266436,25.0,FAILURE_RISK,0.0,,,,6.7,LOW,No predicted crossing,,77.0,Queue pressure,94.6,Continue monitoring runtime degradation and schedule maintenance if the predicted RSUL continues to decrease.,MEDIUM,detailed
2026-09-19T23:25:31.271437,25.18,FAILURE_RISK,0.0,,,,6.7,LOW,No predicted crossing,,77.0,Queue pressure,100.0,Continue monitoring runtime degradation and schedule maintenance if the predicted RSUL continues to decrease.,MEDIUM,detailed
2026-09-19T23:25:31.279436,24.9,FAILURE_RISK,0.0,,,,6.7,LOW,No predicted crossing,,77.0,Queue pressure,100.0,Continue monitoring runtime degradation and schedule maintenance if the predicted RSUL continues to decrease.,MEDIUM,detailed
2026-09-19T23:25:31.285049,25.08,FAILURE_RISK,0.0,,,,6.7,LOW,No predicted crossing,,77.0,Queue pressure,100.0,Continue monitoring runtime degradation and schedule maintenance if the predicted RSUL continues to decrease.,MEDIUM,detailed
2026-09-19T23:25:32.273854,25.0,FAILURE_RISK,0.0,,,,6.7,LOW,No predicted crossing,,77.0,Queue pressure,97.6,Continue monitoring runtime degradation and schedule maintenance if the predicted RSUL continues to decrease.,MEDIUM,detailed
2026-09-19T23:25:32.279852,25.18,FAILURE_RISK,0.0,,,,6.7,LOW,No predicted crossing,,77.0,Queue pressure,100.0,Continue monitoring runtime degradation and schedule maintenance if the predicted RSUL continues to decrease.,MEDIUM,detailed
2026-09-19T23:25:32.284965,24.74,FAILURE_RISK,0.0,,,,6.7,LOW,No predicted crossing,,77.0,Queue pressure,93.7,Continue monitoring runtime degradation and schedule maintenance if the predicted RSUL continues to decrease.,MEDIUM,detailed
2026-09-19T23:25:32.290362,25.08,FAILURE_RISK,0.0,,,,6.7,LOW,No predicted crossing,,77.0,Queue pressure,100.0,Continue monitoring runtime degradation and schedule maintenance if the predicted RSUL continues to decrease.,MEDIUM,detailed
2026-09-19T23:25:33.269134,25.0,FAILURE_RISK,0.0,,,,6.7,LOW,No predicted crossing,,77.0,Queue pressure,97.6,Continue monitoring runtime degradation and schedule maintenance if the predicted RSUL continues to decrease.,MEDIUM,detailed
2026-09-19T23:25:33.274134,25.18,FAILURE_RISK,0.0,,,,6.7,LOW,No predicted crossing,,77.0,Queue pressure,100.0,Continue monitoring runtime degradation and schedule maintenance if the predicted RSUL continues to decrease.,MEDIUM,detailed
2026-09-19T23:25:33.280134,24.69,FAILURE_RISK,0.0,,,,6.7,LOW,No predicted crossing,,77.0,Queue pressure,93.7,Continue monitoring runtime degradation and schedule maintenance if the predicted RSUL continues to decrease.,MEDIUM,detailed
2026-09-19T23:25:33.285248,25.08,FAILURE_RISK,0.0,,,,6.7,LOW,No predicted crossing,,77.0,Queue pressure,100.0,Continue monitoring runtime degradation and schedule maintenance if the predicted RSUL continues to decrease.,MEDIUM,detailed
2026-09-19T23:25:34.270185,25.0,FAILURE_RISK,0.0,,,,6.7,LOW,No predicted crossing,,77.0,Queue pressure,97.6,Continue monitoring runtime degradation and schedule maintenance if the predicted RSUL continues to decrease.,MEDIUM,detailed
2026-09-19T23:25:34.278184,25.18,FAILURE_RISK,0.0,,,,6.7,LOW,No predicted crossing,,77.0,Queue pressure,100.0,Continue monitoring runtime degradation and schedule maintenance if the predicted RSUL continues to decrease.,MEDIUM,detailed
2026-09-19T23:25:34.283183,24.95,FAILURE_RISK,0.0,,,,6.7,LOW,No predicted crossing,,77.0,Queue pressure,93.7,Continue monitoring runtime degradation and schedule maintenance if the predicted RSUL continues to decrease.,MEDIUM,detailed
2026-09-19T23:25:34.288188,25.08,FAILURE_RISK,0.0,,,,6.7,LOW,No predicted crossing,,77.0,Queue pressure,100.0,Continue monitoring runtime degradation and schedule maintenance if the predicted RSUL continues to decrease.,MEDIUM,detailed
2026-09-19T23:25:35.277517,24.69,FAILURE_RISK,0.0,,,,6.7,LOW,No predicted crossing,,77.0,Queue pressure,95.9,Continue monitoring runtime degradation and schedule maintenance if the predicted RSUL continues to decrease.,MEDIUM,detailed
2026-09-19T23:25:35.283418,25.08,FAILURE_RISK,0.0,,,,6.7,LOW,No predicted crossing,,77.0,Queue pressure,98.8,Continue monitoring runtime degradation and schedule maintenance if the predicted RSUL continues to decrease.,MEDIUM,detailed
